FIPS,ba,county_name,state
53007,FIPS_53007,chelan,WA
53029,FIPS_53029,island,WA
53033,FIPS_53033,king,WA
53035,FIPS_53035,kitsap,WA
53037,FIPS_53037,kittitas,WA
53053,FIPS_53053,pierce,WA
53055,FIPS_53055,san juan,WA
53057,FIPS_53057,skagit,WA
53061,FIPS_53061,snohomish,WA
53067,FIPS_53067,thurston,WA
53073,FIPS_53073,whatcom,WA
53003,FIPS_53003,asotin,WA
53005,FIPS_53005,benton,WA
53009,FIPS_53009,clallam,WA
53011,FIPS_53011,clark,WA
53013,FIPS_53013,columbia,WA
53015,FIPS_53015,cowlitz,WA
53023,FIPS_53023,garfield,WA
53027,FIPS_53027,grays harbor,WA
53031,FIPS_53031,jefferson,WA
53039,FIPS_53039,klickitat,WA
53041,FIPS_53041,lewis,WA
53045,FIPS_53045,mason,WA
53049,FIPS_53049,pacific,WA
53059,FIPS_53059,skamania,WA
53069,FIPS_53069,wahkiakum,WA
53071,FIPS_53071,walla walla,WA
53077,FIPS_53077,yakima,WA
53001,FIPS_53001,adams,WA
53019,FIPS_53019,ferry,WA
53021,FIPS_53021,franklin,WA
53043,FIPS_53043,lincoln,WA
53047,FIPS_53047,okanogan,WA
53051,FIPS_53051,pend oreille,WA
53063,FIPS_53063,spokane,WA
53065,FIPS_53065,stevens,WA
53075,FIPS_53075,whitman,WA
53017,FIPS_53017,douglas,WA
53025,FIPS_53025,grant,WA
41003,FIPS_41003,benton,OR
41005,FIPS_41005,clackamas,OR
41007,FIPS_41007,clatsop,OR
41009,FIPS_41009,columbia,OR
41013,FIPS_41013,crook,OR
41017,FIPS_41017,deschutes,OR
41021,FIPS_41021,gilliam,OR
41023,FIPS_41023,grant,OR
41027,FIPS_41027,hood river,OR
41031,FIPS_41031,jefferson,OR
41039,FIPS_41039,lane,OR
41041,FIPS_41041,lincoln,OR
41043,FIPS_41043,linn,OR
41047,FIPS_41047,marion,OR
41049,FIPS_41049,morrow,OR
41051,FIPS_41051,multnomah,OR
41053,FIPS_41053,polk,OR
41055,FIPS_41055,sherman,OR
41057,FIPS_41057,tillamook,OR
41059,FIPS_41059,umatilla,OR
41061,FIPS_41061,union,OR
41063,FIPS_41063,wallowa,OR
41065,FIPS_41065,wasco,OR
41067,FIPS_41067,washington,OR
41069,FIPS_41069,wheeler,OR
41071,FIPS_41071,yamhill,OR
41011,FIPS_41011,coos,OR
41015,FIPS_41015,curry,OR
41019,FIPS_41019,douglas,OR
41029,FIPS_41029,jackson,OR
41033,FIPS_41033,josephine,OR
41035,FIPS_41035,klamath,OR
41001,FIPS_41001,baker,OR
41025,FIPS_41025,harney,OR
41037,FIPS_41037,lake,OR
41045,FIPS_41045,malheur,OR
06035,FIPS_06035,lassen,CA
06049,FIPS_06049,modoc,CA
06093,FIPS_06093,siskiyou,CA
06001,FIPS_06001,alameda,CA
06003,FIPS_06003_06051,alpine,CA
06005,FIPS_06005,amador,CA
06007,FIPS_06007,butte,CA
06009,FIPS_06009,calaveras,CA
06011,FIPS_06011,colusa,CA
06013,FIPS_06013,contra costa,CA
06015,FIPS_06015,del norte,CA
06017,FIPS_06017,el dorado,CA
06019,FIPS_06019,fresno,CA
06021,FIPS_06021,glenn,CA
06023,FIPS_06023,humboldt,CA
06031,FIPS_06031,kings,CA
06033,FIPS_06033,lake,CA
06039,FIPS_06039,madera,CA
06041,FIPS_06041,marin,CA
06043,FIPS_06043,mariposa,CA
06045,FIPS_06045,mendocino,CA
06047,FIPS_06047,merced,CA
06053,FIPS_06053,monterey,CA
06055,FIPS_06055,napa,CA
06057,FIPS_06057,nevada,CA
06061,FIPS_06061,placer,CA
06063,FIPS_06063,plumas,CA
06067,FIPS_06067,sacramento,CA
06069,FIPS_06069,san benito,CA
06075,FIPS_06075,san francisco,CA
06077,FIPS_06077,san joaquin,CA
06079,FIPS_06079,san luis obispo,CA
06081,FIPS_06081,san mateo,CA
06083,FIPS_06083,santa barbara,CA
06085,FIPS_06085,santa clara,CA
06087,FIPS_06087,santa cruz,CA
06089,FIPS_06089,shasta,CA
06091,FIPS_06091,sierra,CA
06095,FIPS_06095,solano,CA
06097,FIPS_06097,sonoma,CA
06099,FIPS_06099,stanislaus,CA
06101,FIPS_06101,sutter,CA
06103,FIPS_06103,tehama,CA
06105,FIPS_06105,trinity,CA
06109,FIPS_06109,tuolumne,CA
06113,FIPS_06113,yolo,CA
06115,FIPS_06115,yuba,CA
06025,FIPS_06025,imperial,CA
06027,FIPS_06027,inyo,CA
06029,FIPS_06029,kern,CA
06037,FIPS_06037,los angeles,CA
06051,FIPS_06003_06051,mono,CA
06059,FIPS_06059,orange,CA
06065,FIPS_06065,riverside,CA
06071,FIPS_06071,san bernardino,CA
06107,FIPS_06107,tulare,CA
06111,FIPS_06111,ventura,CA
06073,FIPS_06073,san diego,CA
32001,FIPS_32001,churchill,NV
32005,FIPS_32005,douglas,NV
32007,FIPS_32007,elko,NV
32009,FIPS_32009,esmeralda,NV
32011,FIPS_32011,eureka,NV
32013,FIPS_32013,humboldt,NV
32015,FIPS_32015,lander,NV
32017,FIPS_32017,lincoln,NV
32019,FIPS_32019,lyon,NV
32021,FIPS_32021,mineral,NV
32023,FIPS_32023,nye,NV
32027,FIPS_32027,pershing,NV
32029,FIPS_32029,storey,NV
32031,FIPS_32031,washoe,NV
32033,FIPS_32033,white pine,NV
32510,FIPS_32510,carson city,NV
32003,FIPS_32003,clark,NV
16009,FIPS_16009,benewah,ID
16017,FIPS_16017,bonner,ID
16021,FIPS_16021,boundary,ID
16055,FIPS_16055,kootenai,ID
16057,FIPS_16057,latah,ID
16061,FIPS_16061,lewis,ID
16069,FIPS_16069,nez perce,ID
16001,FIPS_16001,ada,ID
16003,FIPS_16003,adams,ID
16013,FIPS_16013_16037,blaine,ID
16015,FIPS_16015_16039,boise,ID
16023,FIPS_16023,butte,ID
16025,FIPS_16025,camas,ID
16027,FIPS_16027,canyon,ID
16035,FIPS_16035,clearwater,ID
16037,FIPS_16013_16037,custer,ID
16039,FIPS_16015_16039,elmore,ID
16045,FIPS_16045,gem,ID
16047,FIPS_16047,gooding,ID
16049,FIPS_16049_16059,idaho,ID
16053,FIPS_16053,jerome,ID
16059,FIPS_16049_16059,lemhi,ID
16063,FIPS_16063,lincoln,ID
16067,FIPS_16067,minidoka,ID
16073,FIPS_16073,owyhee,ID
16075,FIPS_16075,payette,ID
16079,FIPS_16079,shoshone,ID
16085,FIPS_16085,valley,ID
16087,FIPS_16087,washington,ID
16005,FIPS_16005,bannock,ID
16007,FIPS_16007,bear lake,ID
16011,FIPS_16011,bingham,ID
16019,FIPS_16019,bonneville,ID
16029,FIPS_16029,caribou,ID
16031,FIPS_16031,cassia,ID
16033,FIPS_16033,clark,ID
16041,FIPS_16041,franklin,ID
16043,FIPS_16043,fremont,ID
16051,FIPS_16051,jefferson,ID
16065,FIPS_16065,madison,ID
16071,FIPS_16071,oneida,ID
16077,FIPS_16077,power,ID
16081,FIPS_16081,teton,ID
16083,FIPS_16083,twin falls,ID
30001,FIPS_30001,beaverhead,MT
30007,FIPS_30007,broadwater,MT
30023,FIPS_30023,deer lodge,MT
30029,FIPS_30029,flathead,MT
30039,FIPS_30039,granite,MT
30043,FIPS_30043,jefferson,MT
30047,FIPS_30047,lake,MT
30053,FIPS_30053,lincoln,MT
30057,FIPS_30057,madison,MT
30061,FIPS_30061,mineral,MT
30063,FIPS_30063,missoula,MT
30077,FIPS_30077,powell,MT
30081,FIPS_30081,ravalli,MT
30089,FIPS_30089,sanders,MT
30093,FIPS_30093,silver bow,MT
30003,FIPS_30003,big horn,MT
30005,FIPS_30005,blaine,MT
30009,FIPS_30009,carbon,MT
30013,FIPS_30013,cascade,MT
30015,FIPS_30015,chouteau,MT
30031,FIPS_30031,gallatin,MT
30035,FIPS_30035,glacier,MT
30041,FIPS_30041,hill,MT
30049,FIPS_30049,lewis and clark,MT
30051,FIPS_30051,liberty,MT
30059,FIPS_30059,meagher,MT
30067,FIPS_30067,park,MT
30071,FIPS_30071,phillips,MT
30073,FIPS_30073,pondera,MT
30095,FIPS_30095,stillwater,MT
30097,FIPS_30097,sweet grass,MT
30099,FIPS_30099,teton,MT
30101,FIPS_30101,toole,MT
30033,FIPS_30033_30105,garfield,MT
30105,FIPS_30033_30105,valley,MT
30027,FIPS_30027_30069,fergus,MT
30037,FIPS_30037,golden valley,MT
30045,FIPS_30045,judith basin,MT
30065,FIPS_30065,musselshell,MT
30069,FIPS_30027_30069,petroleum,MT
30075,FIPS_30075_30011,powder river,MT
30087,FIPS_30087_30103,rosebud,MT
30103,FIPS_30087_30103,treasure,MT
30107,FIPS_30107,wheatland,MT
30111,FIPS_30111,yellowstone,MT
56003,FIPS_56003,big horn,WY
56013,FIPS_56013_56035,fremont,WY
56017,FIPS_56017,hot springs,WY
56023,FIPS_56023,lincoln,WY
56029,FIPS_56029,park,WY
56035,FIPS_56013_56035,sublette,WY
56037,FIPS_56037,sweetwater,WY
56039,FIPS_56039,teton,WY
56041,FIPS_56041,uinta,WY
56043,FIPS_56043,washakie,WY
56019,FIPS_56019,johnson,WY
56033,FIPS_56033,sheridan,WY
56005,FIPS_56005,campbell,WY
56011,FIPS_56011,crook,WY
56045,FIPS_56045,weston,WY
56001,FIPS_56001,albany,WY
56007,FIPS_56007,carbon,WY
56009,FIPS_56009,converse,WY
56015,FIPS_56015,goshen,WY
56021,FIPS_56021,laramie,WY
56025,FIPS_56025,natrona,WY
56027,FIPS_56027,niobrara,WY
56031,FIPS_56031,platte,WY
49001,FIPS_49001_49031,beaver,UT
49003,FIPS_49003,box elder,UT
49005,FIPS_49005_49033,cache,UT
49007,FIPS_49007,carbon,UT
49011,FIPS_49011,davis,UT
49015,FIPS_49015_49055,emery,UT
49017,FIPS_49017_49025_49037,garfield,UT
49019,FIPS_49019,grand,UT
49021,FIPS_49021,iron,UT
49023,FIPS_49023,juab,UT
49025,FIPS_49017_49025_49037,kane,UT
49027,FIPS_49027,millard,UT
49031,FIPS_49001_49031,piute,UT
49035,FIPS_49035,salt lake,UT
49037,FIPS_49017_49025_49037,san juan,UT
49039,FIPS_49039,sanpete,UT
49041,FIPS_49041,sevier,UT
49045,FIPS_49045,tooele,UT
49049,FIPS_49049,utah,UT
49053,FIPS_49053,washington,UT
49055,FIPS_49015_49055,wayne,UT
49057,FIPS_49057,weber,UT
49009,FIPS_49009,daggett,UT
49013,FIPS_49013,duchesne,UT
49029,FIPS_49029_49043,morgan,UT
49033,FIPS_49005_49033,rich,UT
49043,FIPS_49029_49043,summit,UT
49047,FIPS_49047,uintah,UT
49051,FIPS_49051,wasatch,UT
04015,FIPS_04015,mohave,AZ
04003,FIPS_04003,cochise,AZ
04005,FIPS_04005,coconino,AZ
04007,FIPS_04007,gila,AZ
04009,FIPS_04009,graham,AZ
04011,FIPS_04011,greenlee,AZ
04012,FIPS_04012,la paz,AZ
04013,FIPS_04013,maricopa,AZ
04017,FIPS_04017,navajo,AZ
04021,FIPS_04021,pinal,AZ
04025,FIPS_04025,yavapai,AZ
04027,FIPS_04027,yuma,AZ
04001,FIPS_04001,apache,AZ
04019,FIPS_04019,pima,AZ
04023,FIPS_04023,santa cruz,AZ
35001,FIPS_35001,bernalillo,NM
35003,FIPS_35003_35053,catron,NM
35006,FIPS_35006,cibola,NM
35007,FIPS_35007,colfax,NM
35011,FIPS_35011_35027,de baca,NM
35013,FIPS_35013,dona ana,NM
35017,FIPS_35017,grant,NM
35019,FIPS_35019_35047,guadalupe,NM
35021,FIPS_35021_35059,harding,NM
35023,FIPS_35023,hidalgo,NM
35027,FIPS_35011_35027,lincoln,NM
35028,FIPS_35028,los alamos,NM
35029,FIPS_35029,luna,NM
35031,FIPS_35031,mckinley,NM
35033,FIPS_35033,mora,NM
35035,FIPS_35035,otero,NM
35039,FIPS_35039,rio arriba,NM
35043,FIPS_35043,sandoval,NM
35045,FIPS_35045,san juan,NM
35047,FIPS_35019_35047,san miguel,NM
35049,FIPS_35049,santa fe,NM
35051,FIPS_35051,sierra,NM
35053,FIPS_35003_35053,socorro,NM
35055,FIPS_35055,taos,NM
35057,FIPS_35057,torrance,NM
35059,FIPS_35021_35059,union,NM
35061,FIPS_35061,valencia,NM
46019,FIPS_46019,butte,SD
46033,FIPS_46033,custer,SD
46047,FIPS_46047,fall river,SD
46081,FIPS_46081,lawrence,SD
46103,FIPS_46103,pennington,SD
08001,FIPS_08001,adams,CO
08005,FIPS_08005,arapahoe,CO
08013,FIPS_08013,boulder,CO
08014,FIPS_08014,broomfield,CO
08019,FIPS_08019_08047,clear creek,CO
08031,FIPS_08031,denver,CO
08035,FIPS_08035,douglas,CO
08037,FIPS_08037,eagle,CO
08045,FIPS_08045,garfield,CO
08047,FIPS_08019_08047,gilpin,CO
08049,FIPS_08049_08057,grand,CO
08057,FIPS_08049_08057,jackson,CO
08059,FIPS_08059,jefferson,CO
08065,FIPS_08065,lake,CO
08069,FIPS_08069,larimer,CO
08075,FIPS_08075,logan,CO
08077,FIPS_08077,mesa,CO
08081,FIPS_08081,moffat,CO
08087,FIPS_08087,morgan,CO
08093,FIPS_08093,park,CO
08095,FIPS_08095,phillips,CO
08097,FIPS_08097,pitkin,CO
08103,FIPS_08103,rio blanco,CO
08107,FIPS_08107,routt,CO
08115,FIPS_08115,sedgwick,CO
08117,FIPS_08117,summit,CO
08119,FIPS_08119,teller,CO
08121,FIPS_08121,washington,CO
08123,FIPS_08123,weld,CO
08125,FIPS_08125,yuma,CO
08003,FIPS_08003,alamosa,CO
08007,FIPS_08007,archuleta,CO
08009,FIPS_08009,baca,CO
08011,FIPS_08011,bent,CO
08015,FIPS_08015,chaffee,CO
08017,FIPS_08017,cheyenne,CO
08021,FIPS_08021,conejos,CO
08023,FIPS_08023,costilla,CO
08025,FIPS_08025,crowley,CO
08027,FIPS_08027_08055,custer,CO
08029,FIPS_08029,delta,CO
08033,FIPS_08033,dolores,CO
08039,FIPS_08039,elbert,CO
08041,FIPS_08041,el paso,CO
08043,FIPS_08043,fremont,CO
08051,FIPS_08051,gunnison,CO
08053,FIPS_08053_08111,hinsdale,CO
08055,FIPS_08027_08055,huerfano,CO
08061,FIPS_08061,kiowa,CO
08063,FIPS_08063,kit carson,CO
08067,FIPS_08067,la plata,CO
08071,FIPS_08071,las animas,CO
08073,FIPS_08073,lincoln,CO
08079,FIPS_08079,mineral,CO
08083,FIPS_08083,montezuma,CO
08085,FIPS_08085_08091,montrose,CO
08089,FIPS_08089,otero,CO
08091,FIPS_08085_08091,ouray,CO
08099,FIPS_08099,prowers,CO
08101,FIPS_08101,pueblo,CO
08105,FIPS_08105,rio grande,CO
08109,FIPS_08109,saguache,CO
08111,FIPS_08053_08111,san juan,CO
08113,FIPS_08113,san miguel,CO
30011,FIPS_30075_30011,carter,MT
30017,FIPS_30017,custer,MT
30019,FIPS_30019_30085,daniels,MT
30021,FIPS_30021_30109,dawson,MT
30025,FIPS_30025,fallon,MT
30055,FIPS_30055,mccone,MT
30079,FIPS_30079,prairie,MT
30083,FIPS_30083,richland,MT
30085,FIPS_30019_30085,roosevelt,MT
30091,FIPS_30091,sheridan,MT
30109,FIPS_30021_30109,wibaux,MT
38001,FIPS_38001,adams,ND
38007,FIPS_38007_38033,billings,ND
38011,FIPS_38011_38087,bowman,ND
38013,FIPS_38013,burke,ND
38015,FIPS_38015,burleigh,ND
38021,FIPS_38021,dickey,ND
38023,FIPS_38023,divide,ND
38025,FIPS_38025,dunn,ND
38029,FIPS_38029,emmons,ND
38033,FIPS_38007_38033,golden valley,ND
38037,FIPS_38037_38085,grant,ND
38041,FIPS_38041,hettinger,ND
38047,FIPS_38047_38051,logan,ND
38051,FIPS_38047_38051,mcintosh,ND
38053,FIPS_38053,mckenzie,ND
38057,FIPS_38057,mercer,ND
38059,FIPS_38059,morton,ND
38061,FIPS_38061,mountrail,ND
38065,FIPS_38065,oliver,ND
38075,FIPS_38075,renville,ND
38085,FIPS_38037_38085,sioux,ND
38087,FIPS_38011_38087,slope,ND
38089,FIPS_38089,stark,ND
38105,FIPS_38105,williams,ND
38003,FIPS_38003,barnes,ND
38005,FIPS_38005,benson,ND
38009,FIPS_38009,bottineau,ND
38017,FIPS_38017,cass,ND
38019,FIPS_38019,cavalier,ND
38027,FIPS_38027,eddy,ND
38031,FIPS_38031,foster,ND
38035,FIPS_38035,grand forks,ND
38039,FIPS_38039_38091,griggs,ND
38043,FIPS_38043,kidder,ND
38045,FIPS_38045,lamoure,ND
38049,FIPS_38049,mchenry,ND
38055,FIPS_38055_38083,mclean,ND
38063,FIPS_38063,nelson,ND
38067,FIPS_38067,pembina,ND
38069,FIPS_38069,pierce,ND
38071,FIPS_38071,ramsey,ND
38073,FIPS_38073,ransom,ND
38077,FIPS_38077,richland,ND
38079,FIPS_38079,rolette,ND
38081,FIPS_38081,sargent,ND
38083,FIPS_38055_38083,sheridan,ND
38091,FIPS_38039_38091,steele,ND
38093,FIPS_38093,stutsman,ND
38095,FIPS_38095,towner,ND
38097,FIPS_38097,traill,ND
38099,FIPS_38099,walsh,ND
38101,FIPS_38101,ward,ND
38103,FIPS_38103,wells,ND
46003,FIPS_46003_46035,aurora,SD
46005,FIPS_46005_46059_46111,beadle,SD
46007,FIPS_46007,bennett,SD
46009,FIPS_46009,bon homme,SD
46011,FIPS_46011,brookings,SD
46013,FIPS_46013,brown,SD
46015,FIPS_46015_46075_46085,brule,SD
46017,FIPS_46017,buffalo,SD
46021,FIPS_46021_46129,campbell,SD
46023,FIPS_46023_46043,charles mix,SD
46025,FIPS_46025,clark,SD
46027,FIPS_46027,clay,SD
46029,FIPS_46029_46057,codington,SD
46031,FIPS_46031,corson,SD
46035,FIPS_46003_46035,davison,SD
46037,FIPS_46037_46091,day,SD
46039,FIPS_46039,deuel,SD
46041,FIPS_46041_46137,dewey,SD
46043,FIPS_46023_46043,douglas,SD
46045,FIPS_46045_46049_46089,edmunds,SD
46049,FIPS_46045_46049_46089,faulk,SD
46051,FIPS_46051,grant,SD
46053,FIPS_46053,gregory,SD
46055,FIPS_46055,haakon,SD
46057,FIPS_46029_46057,hamlin,SD
46059,FIPS_46005_46059_46111,hand,SD
46061,FIPS_46061,hanson,SD
46063,FIPS_46063_46105,harding,SD
46065,FIPS_46065,hughes,SD
46067,FIPS_46067,hutchinson,SD
46069,FIPS_46069_46119,hyde,SD
46071,FIPS_46071_46095,jackson,SD
46073,FIPS_46073,jerauld,SD
46075,FIPS_46015_46075_46085,jones,SD
46077,FIPS_46077_46097,kingsbury,SD
46079,FIPS_46079_46101,lake,SD
46083,FIPS_46083,lincoln,SD
46085,FIPS_46015_46075_46085,lyman,SD
46087,FIPS_46087,mccook,SD
46089,FIPS_46045_46049_46089,mcpherson,SD
46091,FIPS_46037_46091,marshall,SD
46093,FIPS_46093,meade,SD
46095,FIPS_46071_46095,mellette,SD
46097,FIPS_46077_46097,miner,SD
46099,FIPS_46099,minnehaha,SD
46101,FIPS_46079_46101,moody,SD
46102,FIPS_46102,oglala lakota,SD
46105,FIPS_46063_46105,perkins,SD
46107,FIPS_46107,potter,SD
46109,FIPS_46109,roberts,SD
46111,FIPS_46005_46059_46111,sanborn,SD
46115,FIPS_46115,spink,SD
46117,FIPS_46117,stanley,SD
46119,FIPS_46069_46119,sully,SD
46121,FIPS_46121,todd,SD
46123,FIPS_46123,tripp,SD
46125,FIPS_46125,turner,SD
46127,FIPS_46127,union,SD
46129,FIPS_46021_46129,walworth,SD
46135,FIPS_46135,yankton,SD
46137,FIPS_46041_46137,ziebach,SD
31005,FIPS_31005,arthur,NE
31007,FIPS_31007_31157,banner,NE
31013,FIPS_31013,box butte,NE
31029,FIPS_31029,chase,NE
31033,FIPS_31033,cheyenne,NE
31045,FIPS_31045_31165,dawes,NE
31049,FIPS_31049,deuel,NE
31057,FIPS_31057,dundy,NE
31069,FIPS_31069,garden,NE
31075,FIPS_31075,grant,NE
31101,FIPS_31101,keith,NE
31105,FIPS_31105,kimball,NE
31123,FIPS_31123,morrill,NE
31135,FIPS_31135,perkins,NE
31157,FIPS_31007_31157,scotts bluff,NE
31161,FIPS_31161,sheridan,NE
31165,FIPS_31045_31165,sioux,NE
31001,FIPS_31001,adams,NE
31003,FIPS_31003_31139,antelope,NE
31009,FIPS_31009_31041_31115,blaine,NE
31011,FIPS_31011,boone,NE
31015,FIPS_31015,boyd,NE
31017,FIPS_31017_31103,brown,NE
31019,FIPS_31019,buffalo,NE
31023,FIPS_31023,butler,NE
31027,FIPS_31027_31051,cedar,NE
31031,FIPS_31031_31091,cherry,NE
31035,FIPS_31035,clay,NE
31039,FIPS_31039_31173,cuming,NE
31041,FIPS_31009_31041_31115,custer,NE
31043,FIPS_31043,dakota,NE
31047,FIPS_31047,dawson,NE
31051,FIPS_31027_31051,dixon,NE
31059,FIPS_31059,fillmore,NE
31061,FIPS_31061_31083,franklin,NE
31063,FIPS_31063,frontier,NE
31065,FIPS_31065,furnas,NE
31067,FIPS_31067,gage,NE
31071,FIPS_31071_31089_31149_31183,garfield,NE
31073,FIPS_31073,gosper,NE
31077,FIPS_31077,greeley,NE
31079,FIPS_31079,hall,NE
31081,FIPS_31081,hamilton,NE
31083,FIPS_31061_31083,harlan,NE
31085,FIPS_31085,hayes,NE
31087,FIPS_31087,hitchcock,NE
31089,FIPS_31071_31089_31149_31183,holt,NE
31091,FIPS_31031_31091,hooker,NE
31093,FIPS_31093,howard,NE
31095,FIPS_31095,jefferson,NE
31099,FIPS_31099,kearney,NE
31103,FIPS_31017_31103,keya paha,NE
31107,FIPS_31107,knox,NE
31111,FIPS_31111_31117,lincoln,NE
31113,FIPS_31113,logan,NE
31115,FIPS_31009_31041_31115,loup,NE
31117,FIPS_31111_31117,mcpherson,NE
31119,FIPS_31119,madison,NE
31121,FIPS_31121,merrick,NE
31125,FIPS_31125,nance,NE
31129,FIPS_31129,nuckolls,NE
31137,FIPS_31137,phelps,NE
31139,FIPS_31003_31139,pierce,NE
31141,FIPS_31141,platte,NE
31143,FIPS_31143,polk,NE
31145,FIPS_31145,red willow,NE
31149,FIPS_31071_31089_31149_31183,rock,NE
31151,FIPS_31151,saline,NE
31159,FIPS_31159,seward,NE
31163,FIPS_31163,sherman,NE
31167,FIPS_31167_31179,stanton,NE
31169,FIPS_31169,thayer,NE
31171,FIPS_31171,thomas,NE
31173,FIPS_31039_31173,thurston,NE
31175,FIPS_31175,valley,NE
31179,FIPS_31167_31179,wayne,NE
31181,FIPS_31181,webster,NE
31183,FIPS_31071_31089_31149_31183,wheeler,NE
31185,FIPS_31185,york,NE
31021,FIPS_31021,burt,NE
31025,FIPS_31025,cass,NE
31037,FIPS_31037,colfax,NE
31053,FIPS_31053,dodge,NE
31055,FIPS_31055,douglas,NE
31097,FIPS_31097,johnson,NE
31109,FIPS_31109,lancaster,NE
31127,FIPS_31127,nemaha,NE
31131,FIPS_31131,otoe,NE
31133,FIPS_31133,pawnee,NE
31147,FIPS_31147,richardson,NE
31153,FIPS_31153,sarpy,NE
31155,FIPS_31155,saunders,NE
31177,FIPS_31177,washington,NE
27005,FIPS_27005,becker,MN
27007,FIPS_27007,beltrami,MN
27027,FIPS_27027,clay,MN
27029,FIPS_27029,clearwater,MN
27069,FIPS_27069,kittson,MN
27071,FIPS_27071,koochiching,MN
27077,FIPS_27077,lake of the woods,MN
27087,FIPS_27087,mahnomen,MN
27089,FIPS_27089,marshall,MN
27107,FIPS_27107,norman,MN
27113,FIPS_27113,pennington,MN
27119,FIPS_27119,polk,MN
27125,FIPS_27125,red lake,MN
27135,FIPS_27135,roseau,MN
27001,FIPS_27001,aitkin,MN
27003,FIPS_27003,anoka,MN
27009,FIPS_27009,benton,MN
27011,FIPS_27011,big stone,MN
27017,FIPS_27017,carlton,MN
27019,FIPS_27019,carver,MN
27021,FIPS_27021,cass,MN
27025,FIPS_27025,chisago,MN
27031,FIPS_27031,cook,MN
27035,FIPS_27035,crow wing,MN
27037,FIPS_27037,dakota,MN
27039,FIPS_27039,dodge,MN
27041,FIPS_27041,douglas,MN
27049,FIPS_27049,goodhue,MN
27051,FIPS_27051,grant,MN
27053,FIPS_27053,hennepin,MN
27057,FIPS_27057,hubbard,MN
27059,FIPS_27059,isanti,MN
27061,FIPS_27061,itasca,MN
27065,FIPS_27065,kanabec,MN
27067,FIPS_27067,kandiyohi,MN
27075,FIPS_27075,lake,MN
27079,FIPS_27079,le sueur,MN
27085,FIPS_27085,mcleod,MN
27093,FIPS_27093,meeker,MN
27095,FIPS_27095,mille lacs,MN
27097,FIPS_27097,morrison,MN
27109,FIPS_27109,olmsted,MN
27111,FIPS_27111,otter tail,MN
27115,FIPS_27115,pine,MN
27121,FIPS_27121,pope,MN
27123,FIPS_27123,ramsey,MN
27131,FIPS_27131,rice,MN
27137,FIPS_27137,st. louis,MN
27139,FIPS_27139,scott,MN
27141,FIPS_27141,sherburne,MN
27143,FIPS_27143,sibley,MN
27145,FIPS_27145,stearns,MN
27147,FIPS_27147,steele,MN
27149,FIPS_27149,stevens,MN
27151,FIPS_27151,swift,MN
27153,FIPS_27153,todd,MN
27155,FIPS_27155,traverse,MN
27157,FIPS_27157,wabasha,MN
27159,FIPS_27159,wadena,MN
27163,FIPS_27163,washington,MN
27167,FIPS_27167,wilkin,MN
27169,FIPS_27169,winona,MN
27171,FIPS_27171,wright,MN
27023,FIPS_27023,chippewa,MN
27073,FIPS_27073,lac qui parle,MN
27081,FIPS_27081,lincoln,MN
27083,FIPS_27083,lyon,MN
27101,FIPS_27101,murray,MN
27105,FIPS_27105,nobles,MN
27117,FIPS_27117,pipestone,MN
27127,FIPS_27127,redwood,MN
27129,FIPS_27129,renville,MN
27133,FIPS_27133,rock,MN
27173,FIPS_27173,yellow medicine,MN
19009,FIPS_19009,audubon,IA
19021,FIPS_19021,buena vista,IA
19025,FIPS_19025,calhoun,IA
19027,FIPS_19027,carroll,IA
19033,FIPS_19033,cerro gordo,IA
19035,FIPS_19035,cherokee,IA
19041,FIPS_19041,clay,IA
19047,FIPS_19047,crawford,IA
19059,FIPS_19059,dickinson,IA
19063,FIPS_19063,emmet,IA
19069,FIPS_19069,franklin,IA
19071,FIPS_19071,fremont,IA
19081,FIPS_19081,hancock,IA
19085,FIPS_19085,harrison,IA
19091,FIPS_19091,humboldt,IA
19093,FIPS_19093,ida,IA
19109,FIPS_19109,kossuth,IA
19119,FIPS_19119,lyon,IA
19129,FIPS_19129,mills,IA
19133,FIPS_19133,monona,IA
19137,FIPS_19137,montgomery,IA
19141,FIPS_19141,o'brien,IA
19143,FIPS_19143,osceola,IA
19145,FIPS_19145,page,IA
19147,FIPS_19147,palo alto,IA
19149,FIPS_19149,plymouth,IA
19151,FIPS_19151,pocahontas,IA
19155,FIPS_19155,pottawattamie,IA
19161,FIPS_19161,sac,IA
19165,FIPS_19165,shelby,IA
19167,FIPS_19167,sioux,IA
19173,FIPS_19173,taylor,IA
19187,FIPS_19187,webster,IA
19189,FIPS_19189,winnebago,IA
19193,FIPS_19193,woodbury,IA
19195,FIPS_19195,worth,IA
19197,FIPS_19197,wright,IA
55003,FIPS_55003,ashland,WI
55005,FIPS_55005,barron,WI
55007,FIPS_55007,bayfield,WI
55011,FIPS_55011,buffalo,WI
55013,FIPS_55013,burnett,WI
55017,FIPS_55017,chippewa,WI
55019,FIPS_55019,clark,WI
55031,FIPS_55031,douglas,WI
55033,FIPS_55033,dunn,WI
55035,FIPS_55035,eau claire,WI
55051,FIPS_55051,iron,WI
55063,FIPS_55063,la crosse,WI
55091,FIPS_55091,pepin,WI
55093,FIPS_55093,pierce,WI
55095,FIPS_55095,polk,WI
55099,FIPS_55099,price,WI
55107,FIPS_55107,rusk,WI
55109,FIPS_55109,st. croix,WI
55113,FIPS_55113,sawyer,WI
55119,FIPS_55119,taylor,WI
55121,FIPS_55121,trempealeau,WI
55129,FIPS_55129,washburn,WI
35005,FIPS_35005,chaves,NM
35009,FIPS_35009,curry,NM
35015,FIPS_35015,eddy,NM
35025,FIPS_35025,lea,NM
35037,FIPS_35037,quay,NM
35041,FIPS_35041,roosevelt,NM
48011,FIPS_48011_48381,armstrong,TX
48017,FIPS_48017,bailey,TX
48065,FIPS_48065,carson,TX
48069,FIPS_48069,castro,TX
48079,FIPS_48079,cochran,TX
48087,FIPS_48087,collingsworth,TX
48111,FIPS_48111,dallam,TX
48117,FIPS_48117,deaf smith,TX
48129,FIPS_48129,donley,TX
48153,FIPS_48153,floyd,TX
48165,FIPS_48165,gaines,TX
48169,FIPS_48169,garza,TX
48179,FIPS_48179,gray,TX
48189,FIPS_48189,hale,TX
48195,FIPS_48195,hansford,TX
48205,FIPS_48205,hartley,TX
48211,FIPS_48211,hemphill,TX
48219,FIPS_48219,hockley,TX
48233,FIPS_48233,hutchinson,TX
48279,FIPS_48279,lamb,TX
48295,FIPS_48295,lipscomb,TX
48303,FIPS_48303,lubbock,TX
48305,FIPS_48305,lynn,TX
48341,FIPS_48341,moore,TX
48357,FIPS_48357,ochiltree,TX
48359,FIPS_48359,oldham,TX
48369,FIPS_48369,parmer,TX
48375,FIPS_48375,potter,TX
48381,FIPS_48011_48381,randall,TX
48393,FIPS_48393_48001,roberts,TX
48421,FIPS_48421,sherman,TX
48437,FIPS_48437,swisher,TX
48445,FIPS_48445,terry,TX
48483,FIPS_48483,wheeler,TX
48501,FIPS_48501,yoakum,TX
40007,FIPS_40007,beaver,OK
40025,FIPS_40025,cimarron,OK
40139,FIPS_40139,texas,OK
40003,FIPS_40003,alfalfa,OK
40005,FIPS_40005,atoka,OK
40009,FIPS_40009,beckham,OK
40011,FIPS_40011,blaine,OK
40013,FIPS_40013,bryan,OK
40015,FIPS_40015,caddo,OK
40017,FIPS_40017,canadian,OK
40019,FIPS_40019,carter,OK
40023,FIPS_40023,choctaw,OK
40027,FIPS_40027,cleveland,OK
40029,FIPS_40029,coal,OK
40031,FIPS_40031,comanche,OK
40033,FIPS_40033,cotton,OK
40039,FIPS_40039,custer,OK
40043,FIPS_40043,dewey,OK
40045,FIPS_40045,ellis,OK
40047,FIPS_40047,garfield,OK
40049,FIPS_40049,garvin,OK
40051,FIPS_40051,grady,OK
40053,FIPS_40053,grant,OK
40055,FIPS_40055,greer,OK
40057,FIPS_40057,harmon,OK
40059,FIPS_40059,harper,OK
40061,FIPS_40061,haskell,OK
40063,FIPS_40063,hughes,OK
40065,FIPS_40065,jackson,OK
40067,FIPS_40067,jefferson,OK
40069,FIPS_40069,johnston,OK
40071,FIPS_40071,kay,OK
40073,FIPS_40073,kingfisher,OK
40075,FIPS_40075,kiowa,OK
40077,FIPS_40077,latimer,OK
40079,FIPS_40079,le flore,OK
40081,FIPS_40081,lincoln,OK
40083,FIPS_40083,logan,OK
40085,FIPS_40085,love,OK
40087,FIPS_40087,mcclain,OK
40089,FIPS_40089,mccurtain,OK
40091,FIPS_40091,mcintosh,OK
40093,FIPS_40093,major,OK
40095,FIPS_40095,marshall,OK
40099,FIPS_40099,murray,OK
40103,FIPS_40103,noble,OK
40107,FIPS_40107,okfuskee,OK
40109,FIPS_40109,oklahoma,OK
40117,FIPS_40117,pawnee,OK
40119,FIPS_40119,payne,OK
40121,FIPS_40121,pittsburg,OK
40123,FIPS_40123,pontotoc,OK
40125,FIPS_40125,pottawatomie,OK
40127,FIPS_40127,pushmataha,OK
40129,FIPS_40129,roger mills,OK
40133,FIPS_40133,seminole,OK
40135,FIPS_40135,sequoyah,OK
40137,FIPS_40137,stephens,OK
40141,FIPS_40141,tillman,OK
40149,FIPS_40149,washita,OK
40151,FIPS_40151,woods,OK
40153,FIPS_40153,woodward,OK
40001,FIPS_40001,adair,OK
40021,FIPS_40021,cherokee,OK
40035,FIPS_40035,craig,OK
40037,FIPS_40037,creek,OK
40041,FIPS_40041,delaware,OK
40097,FIPS_40097,mayes,OK
40101,FIPS_40101,muskogee,OK
40105,FIPS_40105,nowata,OK
40111,FIPS_40111,okmulgee,OK
40113,FIPS_40113,osage,OK
40115,FIPS_40115,ottawa,OK
40131,FIPS_40131,rogers,OK
40143,FIPS_40143,tulsa,OK
40145,FIPS_40145,wagoner,OK
40147,FIPS_40147,washington,OK
20023,FIPS_20023,cheyenne,KS
20039,FIPS_20039,decatur,KS
20055,FIPS_20055,finney,KS
20063,FIPS_20063,gove,KS
20065,FIPS_20065,graham,KS
20067,FIPS_20067,grant,KS
20071,FIPS_20071,greeley,KS
20075,FIPS_20075,hamilton,KS
20093,FIPS_20093,kearny,KS
20101,FIPS_20101,lane,KS
20109,FIPS_20109_20199,logan,KS
20129,FIPS_20129,morton,KS
20137,FIPS_20137,norton,KS
20153,FIPS_20153,rawlins,KS
20171,FIPS_20171,scott,KS
20179,FIPS_20179,sheridan,KS
20181,FIPS_20181,sherman,KS
20187,FIPS_20187,stanton,KS
20189,FIPS_20189,stevens,KS
20193,FIPS_20193,thomas,KS
20195,FIPS_20195,trego,KS
20199,FIPS_20109_20199,wallace,KS
20203,FIPS_20203,wichita,KS
20001,FIPS_20001,allen,KS
20003,FIPS_20003_20107,anderson,KS
20005,FIPS_20005,atchison,KS
20007,FIPS_20007_20033,barber,KS
20009,FIPS_20009,barton,KS
20011,FIPS_20011,bourbon,KS
20013,FIPS_20013_20043,brown,KS
20015,FIPS_20015,butler,KS
20017,FIPS_20017,chase,KS
20019,FIPS_20019,chautauqua,KS
20021,FIPS_20021,cherokee,KS
20025,FIPS_20025_20119,clark,KS
20027,FIPS_20027,clay,KS
20029,FIPS_20029_20157,cloud,KS
20031,FIPS_20031,coffey,KS
20033,FIPS_20007_20033,comanche,KS
20035,FIPS_20035,cowley,KS
20037,FIPS_20037,crawford,KS
20041,FIPS_20041,dickinson,KS
20043,FIPS_20013_20043,doniphan,KS
20045,FIPS_20045,douglas,KS
20047,FIPS_20047,edwards,KS
20049,FIPS_20049_20073,elk,KS
20051,FIPS_20051,ellis,KS
20053,FIPS_20053,ellsworth,KS
20057,FIPS_20057,ford,KS
20059,FIPS_20059,franklin,KS
20061,FIPS_20061,geary,KS
20069,FIPS_20069,gray,KS
20073,FIPS_20049_20073,greenwood,KS
20077,FIPS_20077,harper,KS
20079,FIPS_20079,harvey,KS
20081,FIPS_20081,haskell,KS
20083,FIPS_20083,hodgeman,KS
20085,FIPS_20085,jackson,KS
20087,FIPS_20087,jefferson,KS
20089,FIPS_20089,jewell,KS
20091,FIPS_20091,johnson,KS
20095,FIPS_20095_20155,kingman,KS
20097,FIPS_20097,kiowa,KS
20099,FIPS_20099,labette,KS
20103,FIPS_20103,leavenworth,KS
20105,FIPS_20105_20123,lincoln,KS
20107,FIPS_20003_20107,linn,KS
20111,FIPS_20111,lyon,KS
20113,FIPS_20113,mcpherson,KS
20115,FIPS_20115,marion,KS
20117,FIPS_20117,marshall,KS
20119,FIPS_20025_20119,meade,KS
20121,FIPS_20121,miami,KS
20123,FIPS_20105_20123,mitchell,KS
20125,FIPS_20125,montgomery,KS
20127,FIPS_20127,morris,KS
20131,FIPS_20131,nemaha,KS
20133,FIPS_20133,neosho,KS
20135,FIPS_20135,ness,KS
20139,FIPS_20139,osage,KS
20141,FIPS_20141,osborne,KS
20143,FIPS_20143_20169,ottawa,KS
20145,FIPS_20145,pawnee,KS
20147,FIPS_20147,phillips,KS
20149,FIPS_20149,pottawatomie,KS
20151,FIPS_20151,pratt,KS
20155,FIPS_20095_20155,reno,KS
20157,FIPS_20029_20157,republic,KS
20159,FIPS_20159,rice,KS
20161,FIPS_20161,riley,KS
20163,FIPS_20163,rooks,KS
20165,FIPS_20165,rush,KS
20167,FIPS_20167,russell,KS
20169,FIPS_20143_20169,saline,KS
20173,FIPS_20173,sedgwick,KS
20175,FIPS_20175,seward,KS
20177,FIPS_20177,shawnee,KS
20183,FIPS_20183,smith,KS
20185,FIPS_20185,stafford,KS
20191,FIPS_20191,sumner,KS
20197,FIPS_20197,wabaunsee,KS
20201,FIPS_20201,washington,KS
20205,FIPS_20205,wilson,KS
20207,FIPS_20207,woodson,KS
20209,FIPS_20209,wyandotte,KS
29003,FIPS_29003,andrew,MO
29005,FIPS_29005,atchison,MO
29021,FIPS_29021,buchanan,MO
29025,FIPS_29025,caldwell,MO
29033,FIPS_29033,carroll,MO
29037,FIPS_29037,cass,MO
29041,FIPS_29041,chariton,MO
29047,FIPS_29047,clay,MO
29049,FIPS_29049,clinton,MO
29061,FIPS_29061,daviess,MO
29063,FIPS_29063,dekalb,MO
29075,FIPS_29075,gentry,MO
29079,FIPS_29079,grundy,MO
29081,FIPS_29081,harrison,MO
29087,FIPS_29087,holt,MO
29095,FIPS_29095,jackson,MO
29101,FIPS_29101,johnson,MO
29107,FIPS_29107,lafayette,MO
29115,FIPS_29115,linn,MO
29117,FIPS_29117,livingston,MO
29129,FIPS_29129,mercer,MO
29147,FIPS_29147,nodaway,MO
29159,FIPS_29159,pettis,MO
29165,FIPS_29165,platte,MO
29171,FIPS_29171,putnam,MO
29177,FIPS_29177,ray,MO
29195,FIPS_29195,saline,MO
29211,FIPS_29211,sullivan,MO
29227,FIPS_29227,worth,MO
29009,FIPS_29009,barry,MO
29011,FIPS_29011,barton,MO
29013,FIPS_29013,bates,MO
29015,FIPS_29015,benton,MO
29039,FIPS_29039,cedar,MO
29043,FIPS_29043,christian,MO
29057,FIPS_29057,dade,MO
29067,FIPS_29067,douglas,MO
29077,FIPS_29077,greene,MO
29083,FIPS_29083,henry,MO
29085,FIPS_29085,hickory,MO
29097,FIPS_29097,jasper,MO
29109,FIPS_29109,lawrence,MO
29119,FIPS_29119,mcdonald,MO
29145,FIPS_29145,newton,MO
29153,FIPS_29153,ozark,MO
29167,FIPS_29167,polk,MO
29185,FIPS_29185,st. clair,MO
29209,FIPS_29209,stone,MO
29213,FIPS_29213,taney,MO
29217,FIPS_29217,vernon,MO
29225,FIPS_29225,webster,MO
05007,FIPS_05007,benton,AR
05009,FIPS_05009,boone,AR
05015,FIPS_05015,carroll,AR
05023,FIPS_05023,cleburne,AR
05033,FIPS_05033,crawford,AR
05047,FIPS_05047,franklin,AR
05061,FIPS_05061,howard,AR
05071,FIPS_05071,johnson,AR
05083,FIPS_05083,logan,AR
05087,FIPS_05087_05101,madison,AR
05089,FIPS_05089,marion,AR
05097,FIPS_05097_05109,montgomery,AR
05101,FIPS_05087_05101,newton,AR
05109,FIPS_05097_05109,pike,AR
05113,FIPS_05113,polk,AR
05127,FIPS_05127,scott,AR
05129,FIPS_05129,searcy,AR
05131,FIPS_05131,sebastian,AR
05141,FIPS_05141,van buren,AR
05143,FIPS_05143,washington,AR
48037,FIPS_48037,bowie,TX
48063,FIPS_48063,camp,TX
48067,FIPS_48067,cass,TX
48183,FIPS_48183,gregg,TX
48203,FIPS_48203,harrison,TX
48315,FIPS_48315,marion,TX
48343,FIPS_48343,morris,TX
48365,FIPS_48365,panola,TX
48449,FIPS_48449,titus,TX
48459,FIPS_48459,upshur,TX
22001,FIPS_22001,acadia,LA
22003,FIPS_22003,allen,LA
22005,FIPS_22005,ascension,LA
22007,FIPS_22007,assumption,LA
22009,FIPS_22009,avoyelles,LA
22011,FIPS_22011,beauregard,LA
22013,FIPS_22013,bienville,LA
22015,FIPS_22015,bossier,LA
22017,FIPS_22017,caddo,LA
22019,FIPS_22019,calcasieu,LA
22021,FIPS_22021,caldwell,LA
22023,FIPS_22023,cameron,LA
22025,FIPS_22025,catahoula,LA
22029,FIPS_22029,concordia,LA
22031,FIPS_22031,de soto,LA
22033,FIPS_22033,east baton rouge,LA
22037,FIPS_22037_22091,east feliciana,LA
22039,FIPS_22039,evangeline,LA
22043,FIPS_22043,grant,LA
22045,FIPS_22045,iberia,LA
22047,FIPS_22047,iberville,LA
22049,FIPS_22049,jackson,LA
22051,FIPS_22051,jefferson,LA
22053,FIPS_22053,jefferson davis,LA
22055,FIPS_22055,lafayette,LA
22057,FIPS_22057,lafourche,LA
22059,FIPS_22059,la salle,LA
22063,FIPS_22063,livingston,LA
22069,FIPS_22069,natchitoches,LA
22071,FIPS_22071,orleans,LA
22075,FIPS_22075,plaquemines,LA
22077,FIPS_22077,pointe coupee,LA
22079,FIPS_22079,rapides,LA
22081,FIPS_22081,red river,LA
22085,FIPS_22085,sabine,LA
22087,FIPS_22087,st. bernard,LA
22089,FIPS_22089,st. charles,LA
22091,FIPS_22037_22091,st. helena,LA
22093,FIPS_22093,st. james,LA
22095,FIPS_22095,st. john the baptist,LA
22097,FIPS_22097,st. landry,LA
22099,FIPS_22099,st. martin,LA
22101,FIPS_22101,st. mary,LA
22103,FIPS_22103,st. tammany,LA
22105,FIPS_22105,tangipahoa,LA
22109,FIPS_22109,terrebonne,LA
22113,FIPS_22113,vermilion,LA
22115,FIPS_22115,vernon,LA
22117,FIPS_22117,washington,LA
22119,FIPS_22119,webster,LA
22121,FIPS_22121,west baton rouge,LA
22125,FIPS_22125,west feliciana,LA
22127,FIPS_22127,winn,LA
48141,FIPS_48141,el paso,TX
48023,FIPS_48023,baylor,TX
48033,FIPS_48033,borden,TX
48045,FIPS_48045,briscoe,TX
48075,FIPS_48075,childress,TX
48101,FIPS_48101,cottle,TX
48107,FIPS_48107,crosby,TX
48115,FIPS_48115,dawson,TX
48125,FIPS_48125,dickens,TX
48151,FIPS_48151,fisher,TX
48155,FIPS_48155,foard,TX
48191,FIPS_48191,hall,TX
48197,FIPS_48197,hardeman,TX
48207,FIPS_48207,haskell,TX
48227,FIPS_48227,howard,TX
48253,FIPS_48253,jones,TX
48263,FIPS_48263,kent,TX
48269,FIPS_48269,king,TX
48275,FIPS_48275,knox,TX
48335,FIPS_48335,mitchell,TX
48345,FIPS_48345,motley,TX
48353,FIPS_48353,nolan,TX
48415,FIPS_48415,scurry,TX
48433,FIPS_48433,stonewall,TX
48487,FIPS_48487,wilbarger,TX
48043,FIPS_48043,brewster,TX
48059,FIPS_48059,callahan,TX
48081,FIPS_48081,coke,TX
48083,FIPS_48083,coleman,TX
48095,FIPS_48095,concho,TX
48105,FIPS_48105,crockett,TX
48109,FIPS_48109,culberson,TX
48229,FIPS_48229,hudspeth,TX
48235,FIPS_48235,irion,TX
48243,FIPS_48243,jeff davis,TX
48271,FIPS_48271,kinney,TX
48371,FIPS_48371,pecos,TX
48377,FIPS_48377,presidio,TX
48389,FIPS_48389,reeves,TX
48399,FIPS_48399,runnels,TX
48413,FIPS_48413,schleicher,TX
48431,FIPS_48431,sterling,TX
48435,FIPS_48435,sutton,TX
48441,FIPS_48441,taylor,TX
48443,FIPS_48443,terrell,TX
48451,FIPS_48451,tom green,TX
48465,FIPS_48465,val verde,TX
48003,FIPS_48003,andrews,TX
48103,FIPS_48103,crane,TX
48135,FIPS_48135,ector,TX
48173,FIPS_48173,glasscock,TX
48301,FIPS_48301,loving,TX
48317,FIPS_48317,martin,TX
48329,FIPS_48329,midland,TX
48383,FIPS_48383,reagan,TX
48461,FIPS_48461,upton,TX
48475,FIPS_48475,ward,TX
48495,FIPS_48495,winkler,TX
48001,FIPS_48393_48001,anderson,TX
48005,FIPS_48005,angelina,TX
48009,FIPS_48009,archer,TX
48027,FIPS_48027,bell,TX
48035,FIPS_48035,bosque,TX
48049,FIPS_48049,brown,TX
48073,FIPS_48073,cherokee,TX
48077,FIPS_48077,clay,TX
48085,FIPS_48085,collin,TX
48093,FIPS_48093,comanche,TX
48097,FIPS_48097,cooke,TX
48099,FIPS_48099,coryell,TX
48113,FIPS_48113,dallas,TX
48119,FIPS_48119,delta,TX
48121,FIPS_48121,denton,TX
48133,FIPS_48133,eastland,TX
48139,FIPS_48139,ellis,TX
48143,FIPS_48143,erath,TX
48145,FIPS_48145,falls,TX
48147,FIPS_48147,fannin,TX
48159,FIPS_48159,franklin,TX
48161,FIPS_48161,freestone,TX
48181,FIPS_48181,grayson,TX
48193,FIPS_48193,hamilton,TX
48213,FIPS_48213,henderson,TX
48217,FIPS_48217,hill,TX
48221,FIPS_48221,hood,TX
48223,FIPS_48223,hopkins,TX
48225,FIPS_48225,houston,TX
48231,FIPS_48231,hunt,TX
48237,FIPS_48237,jack,TX
48251,FIPS_48251,johnson,TX
48257,FIPS_48257,kaufman,TX
48277,FIPS_48277,lamar,TX
48281,FIPS_48281,lampasas,TX
48289,FIPS_48289,leon,TX
48293,FIPS_48293,limestone,TX
48307,FIPS_48307,mcculloch,TX
48309,FIPS_48309,mclennan,TX
48313,FIPS_48313,madison,TX
48331,FIPS_48331,milam,TX
48333,FIPS_48333,mills,TX
48337,FIPS_48337,montague,TX
48349,FIPS_48349,navarro,TX
48363,FIPS_48363,palo pinto,TX
48367,FIPS_48367,parker,TX
48379,FIPS_48379,rains,TX
48387,FIPS_48387,red river,TX
48395,FIPS_48395,robertson,TX
48397,FIPS_48397,rockwall,TX
48401,FIPS_48401,rusk,TX
48411,FIPS_48411,san saba,TX
48417,FIPS_48417,shackelford,TX
48423,FIPS_48423,smith,TX
48425,FIPS_48425,somervell,TX
48429,FIPS_48429,stephens,TX
48439,FIPS_48439,tarrant,TX
48447,FIPS_48447,throckmorton,TX
48467,FIPS_48467,van zandt,TX
48485,FIPS_48485,wichita,TX
48497,FIPS_48497,wise,TX
48499,FIPS_48499,wood,TX
48503,FIPS_48503,young,TX
48015,FIPS_48015,austin,TX
48019,FIPS_48019,bandera,TX
48021,FIPS_48021,bastrop,TX
48031,FIPS_48031,blanco,TX
48041,FIPS_48041,brazos,TX
48051,FIPS_48051,burleson,TX
48053,FIPS_48053,burnet,TX
48055,FIPS_48055,caldwell,TX
48089,FIPS_48089,colorado,TX
48091,FIPS_48091,comal,TX
48123,FIPS_48123,dewitt,TX
48137,FIPS_48137,edwards,TX
48149,FIPS_48149,fayette,TX
48171,FIPS_48171,gillespie,TX
48177,FIPS_48177,gonzales,TX
48185,FIPS_48185,grimes,TX
48187,FIPS_48187,guadalupe,TX
48209,FIPS_48209,hays,TX
48259,FIPS_48259,kendall,TX
48265,FIPS_48265,kerr,TX
48267,FIPS_48267,kimble,TX
48285,FIPS_48285,lavaca,TX
48287,FIPS_48287,lee,TX
48299,FIPS_48299,llano,TX
48319,FIPS_48319,mason,TX
48327,FIPS_48327,menard,TX
48385,FIPS_48385,real,TX
48453,FIPS_48453,travis,TX
48471,FIPS_48471,walker,TX
48473,FIPS_48473,waller,TX
48477,FIPS_48477,washington,TX
48491,FIPS_48491,williamson,TX
48007,FIPS_48007,aransas,TX
48013,FIPS_48013,atascosa,TX
48025,FIPS_48025,bee,TX
48029,FIPS_48029,bexar,TX
48047,FIPS_48047,brooks,TX
48057,FIPS_48057,calhoun,TX
48061,FIPS_48061,cameron,TX
48127,FIPS_48127,dimmit,TX
48131,FIPS_48131,duval,TX
48163,FIPS_48163,frio,TX
48175,FIPS_48175,goliad,TX
48215,FIPS_48215,hidalgo,TX
48239,FIPS_48239,jackson,TX
48247,FIPS_48247,jim hogg,TX
48249,FIPS_48249,jim wells,TX
48255,FIPS_48255,karnes,TX
48261,FIPS_48261,kenedy,TX
48273,FIPS_48273,kleberg,TX
48283,FIPS_48283,la salle,TX
48297,FIPS_48297,live oak,TX
48311,FIPS_48311,mcmullen,TX
48321,FIPS_48321,matagorda,TX
48323,FIPS_48323,maverick,TX
48325,FIPS_48325,medina,TX
48355,FIPS_48355,nueces,TX
48391,FIPS_48391,refugio,TX
48409,FIPS_48409,san patricio,TX
48427,FIPS_48427,starr,TX
48463,FIPS_48463,uvalde,TX
48469,FIPS_48469,victoria,TX
48479,FIPS_48479,webb,TX
48481,FIPS_48481,wharton,TX
48489,FIPS_48489,willacy,TX
48493,FIPS_48493,wilson,TX
48505,FIPS_48505,zapata,TX
48507,FIPS_48507,zavala,TX
48071,FIPS_48071,chambers,TX
48199,FIPS_48199,hardin,TX
48241,FIPS_48241,jasper,TX
48245,FIPS_48245,jefferson,TX
48291,FIPS_48291,liberty,TX
48339,FIPS_48339,montgomery,TX
48347,FIPS_48347,nacogdoches,TX
48351,FIPS_48351,newton,TX
48361,FIPS_48361,orange,TX
48373,FIPS_48373,polk,TX
48403,FIPS_48403,sabine,TX
48405,FIPS_48405,san augustine,TX
48407,FIPS_48407,san jacinto,TX
48419,FIPS_48419,shelby,TX
48455,FIPS_48455,trinity,TX
48457,FIPS_48457,tyler,TX
48039,FIPS_48039,brazoria,TX
48157,FIPS_48157,fort bend,TX
48167,FIPS_48167,galveston,TX
48201,FIPS_48201,harris,TX
27013,FIPS_27013,blue earth,MN
27015,FIPS_27015,brown,MN
27033,FIPS_27033,cottonwood,MN
27043,FIPS_27043,faribault,MN
27045,FIPS_27045,fillmore,MN
27047,FIPS_27047,freeborn,MN
27055,FIPS_27055,houston,MN
27063,FIPS_27063,jackson,MN
27091,FIPS_27091,martin,MN
27099,FIPS_27099,mower,MN
27103,FIPS_27103,nicollet,MN
27161,FIPS_27161,waseca,MN
27165,FIPS_27165,watonwan,MN
19005,FIPS_19005,allamakee,IA
19013,FIPS_19013,black hawk,IA
19017,FIPS_19017,bremer,IA
19019,FIPS_19019,buchanan,IA
19023,FIPS_19023,butler,IA
19037,FIPS_19037,chickasaw,IA
19043,FIPS_19043,clayton,IA
19065,FIPS_19065,fayette,IA
19067,FIPS_19067,floyd,IA
19075,FIPS_19075,grundy,IA
19089,FIPS_19089,howard,IA
19131,FIPS_19131,mitchell,IA
19191,FIPS_19191,winneshiek,IA
19001,FIPS_19001,adair,IA
19003,FIPS_19003,adams,IA
19007,FIPS_19007,appanoose,IA
19011,FIPS_19011,benton,IA
19015,FIPS_19015,boone,IA
19029,FIPS_19029,cass,IA
19031,FIPS_19031,cedar,IA
19039,FIPS_19039,clarke,IA
19045,FIPS_19045,clinton,IA
19049,FIPS_19049,dallas,IA
19051,FIPS_19051,davis,IA
19053,FIPS_19053,decatur,IA
19055,FIPS_19055,delaware,IA
19057,FIPS_19057,des moines,IA
19061,FIPS_19061,dubuque,IA
19073,FIPS_19073,greene,IA
19077,FIPS_19077,guthrie,IA
19079,FIPS_19079,hamilton,IA
19083,FIPS_19083,hardin,IA
19087,FIPS_19087,henry,IA
19095,FIPS_19095,iowa,IA
19097,FIPS_19097,jackson,IA
19099,FIPS_19099,jasper,IA
19101,FIPS_19101,jefferson,IA
19103,FIPS_19103,johnson,IA
19105,FIPS_19105,jones,IA
19107,FIPS_19107,keokuk,IA
19111,FIPS_19111,lee,IA
19113,FIPS_19113,linn,IA
19115,FIPS_19115,louisa,IA
19117,FIPS_19117,lucas,IA
19121,FIPS_19121,madison,IA
19123,FIPS_19123,mahaska,IA
19125,FIPS_19125,marion,IA
19127,FIPS_19127,marshall,IA
19135,FIPS_19135,monroe,IA
19139,FIPS_19139,muscatine,IA
19153,FIPS_19153,polk,IA
19157,FIPS_19157,poweshiek,IA
19159,FIPS_19159,ringgold,IA
19163,FIPS_19163,scott,IA
19169,FIPS_19169,story,IA
19171,FIPS_19171,tama,IA
19175,FIPS_19175,union,IA
19177,FIPS_19177,van buren,IA
19179,FIPS_19179,wapello,IA
19181,FIPS_19181,warren,IA
19183,FIPS_19183,washington,IA
19185,FIPS_19185,wayne,IA
29001,FIPS_29001,adair,MO
29045,FIPS_29045,clark,MO
29103,FIPS_29103,knox,MO
29111,FIPS_29111,lewis,MO
29121,FIPS_29121,macon,MO
29127,FIPS_29127,marion,MO
29137,FIPS_29137,monroe,MO
29173,FIPS_29173,ralls,MO
29197,FIPS_29197,schuyler,MO
29199,FIPS_29199,scotland,MO
29205,FIPS_29205,shelby,MO
29007,FIPS_29007,audrain,MO
29019,FIPS_29019,boone,MO
29027,FIPS_29027,callaway,MO
29031,FIPS_29031,cape girardeau,MO
29051,FIPS_29051,cole,MO
29053,FIPS_29053,cooper,MO
29071,FIPS_29071,franklin,MO
29073,FIPS_29073,gasconade,MO
29089,FIPS_29089,howard,MO
29099,FIPS_29099,jefferson,MO
29113,FIPS_29113,lincoln,MO
29125,FIPS_29125,maries,MO
29131,FIPS_29131,miller,MO
29133,FIPS_29133,mississippi,MO
29135,FIPS_29135,moniteau,MO
29139,FIPS_29139,montgomery,MO
29141,FIPS_29141,morgan,MO
29151,FIPS_29151,osage,MO
29157,FIPS_29157,perry,MO
29163,FIPS_29163,pike,MO
29175,FIPS_29175,randolph,MO
29183,FIPS_29183,st. charles,MO
29186,FIPS_29186,ste. genevieve,MO
29187,FIPS_29187,st. francois,MO
29189,FIPS_29189,st. louis,MO
29201,FIPS_29201,scott,MO
29219,FIPS_29219,warren,MO
29510,FIPS_29510,st. louis city,MO
29017,FIPS_29017,bollinger,MO
29055,FIPS_29055,crawford,MO
29093,FIPS_29093,iron,MO
29123,FIPS_29123,madison,MO
29161,FIPS_29161,phelps,MO
29169,FIPS_29169,pulaski,MO
29179,FIPS_29179,reynolds,MO
29221,FIPS_29221,washington,MO
26003,FIPS_26003,alger,MI
26013,FIPS_26013,baraga,MI
26041,FIPS_26041,delta,MI
26043,FIPS_26043,dickinson,MI
26053,FIPS_26053,gogebic,MI
26061,FIPS_26061,houghton,MI
26071,FIPS_26071,iron,MI
26083,FIPS_26083,keweenaw,MI
26103,FIPS_26103,marquette,MI
26109,FIPS_26109,menominee,MI
26131,FIPS_26131,ontonagon,MI
55009,FIPS_55009,brown,WI
55029,FIPS_55029,door,WI
55037,FIPS_55037,florence,WI
55041,FIPS_55041,forest,WI
55061,FIPS_55061,kewaunee,WI
55067,FIPS_55067,langlade,WI
55069,FIPS_55069,lincoln,WI
55071,FIPS_55071,manitowoc,WI
55073,FIPS_55073,marathon,WI
55075,FIPS_55075,marinette,WI
55083,FIPS_55083,oconto,WI
55085,FIPS_55085,oneida,WI
55097,FIPS_55097,portage,WI
55125,FIPS_55125,vilas,WI
55001,FIPS_55001,adams,WI
55015,FIPS_55015,calumet,WI
55021,FIPS_55021,columbia,WI
55027,FIPS_55027,dodge,WI
55039,FIPS_55039,fond du lac,WI
55047,FIPS_55047,green lake,WI
55057,FIPS_55057,juneau,WI
55077,FIPS_55077,marquette,WI
55078,FIPS_55078,menominee,WI
55087,FIPS_55087,outagamie,WI
55115,FIPS_55115,shawano,WI
55135,FIPS_55135,waupaca,WI
55137,FIPS_55137,waushara,WI
55139,FIPS_55139,winnebago,WI
55141,FIPS_55141,wood,WI
55023,FIPS_55023,crawford,WI
55043,FIPS_55043,grant,WI
55049,FIPS_55049,iowa,WI
55053,FIPS_55053,jackson,WI
55065,FIPS_55065,lafayette,WI
55081,FIPS_55081,monroe,WI
55103,FIPS_55103,richland,WI
55111,FIPS_55111,sauk,WI
55123,FIPS_55123,vernon,WI
55025,FIPS_55025,dane,WI
55045,FIPS_55045,green,WI
55105,FIPS_55105,rock,WI
55055,FIPS_55055,jefferson,WI
55059,FIPS_55059,kenosha,WI
55079,FIPS_55079,milwaukee,WI
55089,FIPS_55089,ozaukee,WI
55101,FIPS_55101,racine,WI
55117,FIPS_55117,sheboygan,WI
55127,FIPS_55127,walworth,WI
55131,FIPS_55131,washington,WI
55133,FIPS_55133,waukesha,WI
17007,FIPS_17007,boone,IL
17015,FIPS_17015,carroll,IL
17031,FIPS_17031,cook,IL
17037,FIPS_17037,dekalb,IL
17043,FIPS_17043,dupage,IL
17063,FIPS_17063,grundy,IL
17085,FIPS_17085,jo daviess,IL
17089,FIPS_17089,kane,IL
17091,FIPS_17091,kankakee,IL
17093,FIPS_17093,kendall,IL
17097,FIPS_17097,lake,IL
17099,FIPS_17099,la salle,IL
17103,FIPS_17103,lee,IL
17105,FIPS_17105,livingston,IL
17111,FIPS_17111,mchenry,IL
17141,FIPS_17141,ogle,IL
17177,FIPS_17177,stephenson,IL
17195,FIPS_17195,whiteside,IL
17197,FIPS_17197,will,IL
17201,FIPS_17201,winnebago,IL
17001,FIPS_17001,adams,IL
17003,FIPS_17003,alexander,IL
17005,FIPS_17005,bond,IL
17009,FIPS_17009_17169,brown,IL
17011,FIPS_17011,bureau,IL
17013,FIPS_17013,calhoun,IL
17017,FIPS_17017,cass,IL
17027,FIPS_17027,clinton,IL
17051,FIPS_17051,fayette,IL
17055,FIPS_17055,franklin,IL
17057,FIPS_17057,fulton,IL
17059,FIPS_17059_17069,gallatin,IL
17061,FIPS_17061,greene,IL
17065,FIPS_17065_17193,hamilton,IL
17067,FIPS_17067_17071,hancock,IL
17069,FIPS_17059_17069,hardin,IL
17071,FIPS_17067_17071,henderson,IL
17073,FIPS_17073,henry,IL
17077,FIPS_17077_17181,jackson,IL
17081,FIPS_17081,jefferson,IL
17083,FIPS_17083,jersey,IL
17087,FIPS_17087_17199,johnson,IL
17095,FIPS_17095_17187,knox,IL
17109,FIPS_17109,mcdonough,IL
17117,FIPS_17117,macoupin,IL
17119,FIPS_17119,madison,IL
17121,FIPS_17121,marion,IL
17125,FIPS_17125,mason,IL
17127,FIPS_17127_17151,massac,IL
17129,FIPS_17129,menard,IL
17131,FIPS_17131_17161,mercer,IL
17133,FIPS_17133,monroe,IL
17135,FIPS_17135,montgomery,IL
17137,FIPS_17137,morgan,IL
17145,FIPS_17145,perry,IL
17149,FIPS_17149,pike,IL
17151,FIPS_17127_17151,pope,IL
17153,FIPS_17153,pulaski,IL
17155,FIPS_17155,putnam,IL
17157,FIPS_17157,randolph,IL
17161,FIPS_17131_17161,rock island,IL
17163,FIPS_17163,st. clair,IL
17165,FIPS_17165,saline,IL
17169,FIPS_17009_17169,schuyler,IL
17171,FIPS_17171,scott,IL
17175,FIPS_17175_17143,stark,IL
17181,FIPS_17077_17181,union,IL
17187,FIPS_17095_17187,warren,IL
17189,FIPS_17189,washington,IL
17191,FIPS_17191_17047,wayne,IL
17193,FIPS_17065_17193,white,IL
17199,FIPS_17087_17199,williamson,IL
17107,FIPS_17107,logan,IL
17123,FIPS_17123,marshall,IL
17143,FIPS_17175_17143,peoria,IL
17167,FIPS_17167,sangamon,IL
17179,FIPS_17179,tazewell,IL
17203,FIPS_17203,woodford,IL
17019,FIPS_17019,champaign,IL
17021,FIPS_17021,christian,IL
17023,FIPS_17023_17045,clark,IL
17025,FIPS_17025,clay,IL
17029,FIPS_17029_17035,coles,IL
17033,FIPS_17033,crawford,IL
17035,FIPS_17029_17035,cumberland,IL
17039,FIPS_17039,de witt,IL
17041,FIPS_17041,douglas,IL
17045,FIPS_17023_17045,edgar,IL
17047,FIPS_17191_17047,edwards,IL
17049,FIPS_17049,effingham,IL
17053,FIPS_17053,ford,IL
17075,FIPS_17075,iroquois,IL
17079,FIPS_17079,jasper,IL
17101,FIPS_17101,lawrence,IL
17113,FIPS_17113,mclean,IL
17115,FIPS_17115,macon,IL
17139,FIPS_17139_17173,moultrie,IL
17147,FIPS_17147,piatt,IL
17159,FIPS_17159,richland,IL
17173,FIPS_17139_17173,shelby,IL
17183,FIPS_17183,vermilion,IL
17185,FIPS_17185,wabash,IL
29023,FIPS_29023,butler,MO
29029,FIPS_29029,camden,MO
29035,FIPS_29035_29203,carter,MO
29059,FIPS_29059,dallas,MO
29065,FIPS_29065,dent,MO
29069,FIPS_29069,dunklin,MO
29091,FIPS_29091,howell,MO
29105,FIPS_29105,laclede,MO
29143,FIPS_29143,new madrid,MO
29149,FIPS_29149,oregon,MO
29155,FIPS_29155,pemiscot,MO
29181,FIPS_29181,ripley,MO
29203,FIPS_29035_29203,shannon,MO
29207,FIPS_29207,stoddard,MO
29215,FIPS_29215,texas,MO
29223,FIPS_29223,wayne,MO
29229,FIPS_29229,wright,MO
05001,FIPS_05001,arkansas,AR
05003,FIPS_05003,ashley,AR
05005,FIPS_05005,baxter,AR
05011,FIPS_05011,bradley,AR
05013,FIPS_05013,calhoun,AR
05017,FIPS_05017,chicot,AR
05019,FIPS_05019,clark,AR
05021,FIPS_05021,clay,AR
05025,FIPS_05025,cleveland,AR
05027,FIPS_05027,columbia,AR
05029,FIPS_05029,conway,AR
05031,FIPS_05031,craighead,AR
05035,FIPS_05035,crittenden,AR
05037,FIPS_05037,cross,AR
05039,FIPS_05039,dallas,AR
05041,FIPS_05041,desha,AR
05043,FIPS_05043,drew,AR
05045,FIPS_05045,faulkner,AR
05049,FIPS_05049,fulton,AR
05051,FIPS_05051,garland,AR
05053,FIPS_05053,grant,AR
05055,FIPS_05055,greene,AR
05057,FIPS_05057,hempstead,AR
05059,FIPS_05059,hot spring,AR
05063,FIPS_05063,independence,AR
05065,FIPS_05065,izard,AR
05067,FIPS_05067,jackson,AR
05069,FIPS_05069,jefferson,AR
05073,FIPS_05073,lafayette,AR
05075,FIPS_05075,lawrence,AR
05077,FIPS_05077,lee,AR
05079,FIPS_05079,lincoln,AR
05081,FIPS_05081,little river,AR
05085,FIPS_05085,lonoke,AR
05091,FIPS_05091,miller,AR
05093,FIPS_05093,mississippi,AR
05095,FIPS_05095,monroe,AR
05099,FIPS_05099,nevada,AR
05103,FIPS_05103,ouachita,AR
05105,FIPS_05105,perry,AR
05107,FIPS_05107,phillips,AR
05111,FIPS_05111,poinsett,AR
05115,FIPS_05115,pope,AR
05117,FIPS_05117,prairie,AR
05119,FIPS_05119,pulaski,AR
05121,FIPS_05121,randolph,AR
05123,FIPS_05123,st. francis,AR
05125,FIPS_05125,saline,AR
05133,FIPS_05133,sevier,AR
05135,FIPS_05135,sharp,AR
05137,FIPS_05137,stone,AR
05139,FIPS_05139,union,AR
05145,FIPS_05145,white,AR
05147,FIPS_05147,woodruff,AR
05149,FIPS_05149,yell,AR
22027,FIPS_22027,claiborne,LA
22035,FIPS_22035_22123,east carroll,LA
22041,FIPS_22041_22107,franklin,LA
22061,FIPS_22061,lincoln,LA
22065,FIPS_22065,madison,LA
22067,FIPS_22067,morehouse,LA
22073,FIPS_22073,ouachita,LA
22083,FIPS_22083,richland,LA
22107,FIPS_22041_22107,tensas,LA
22111,FIPS_22111,union,LA
22123,FIPS_22035_22123,west carroll,LA
28001,FIPS_28001,adams,MS
28005,FIPS_28005,amite,MS
28007,FIPS_28007,attala,MS
28011,FIPS_28011,bolivar,MS
28015,FIPS_28015,carroll,MS
28021,FIPS_28021,claiborne,MS
28023,FIPS_28023,clarke,MS
28027,FIPS_28027,coahoma,MS
28029,FIPS_28029,copiah,MS
28031,FIPS_28031,covington,MS
28033,FIPS_28033,desoto,MS
28035,FIPS_28035,forrest,MS
28037,FIPS_28037,franklin,MS
28039,FIPS_28039,george,MS
28041,FIPS_28041,greene,MS
28043,FIPS_28043,grenada,MS
28045,FIPS_28045,hancock,MS
28047,FIPS_28047,harrison,MS
28049,FIPS_28049,hinds,MS
28051,FIPS_28051,holmes,MS
28053,FIPS_28053,humphreys,MS
28055,FIPS_28055,issaquena,MS
28059,FIPS_28059,jackson,MS
28061,FIPS_28061,jasper,MS
28063,FIPS_28063,jefferson,MS
28065,FIPS_28065,jefferson davis,MS
28067,FIPS_28067,jones,MS
28073,FIPS_28073,lamar,MS
28075,FIPS_28075,lauderdale,MS
28077,FIPS_28077,lawrence,MS
28079,FIPS_28079,leake,MS
28083,FIPS_28083,leflore,MS
28085,FIPS_28085,lincoln,MS
28089,FIPS_28089,madison,MS
28091,FIPS_28091,marion,MS
28097,FIPS_28097,montgomery,MS
28101,FIPS_28101,newton,MS
28107,FIPS_28107,panola,MS
28109,FIPS_28109,pearl river,MS
28111,FIPS_28111,perry,MS
28113,FIPS_28113,pike,MS
28119,FIPS_28119,quitman,MS
28121,FIPS_28121,rankin,MS
28123,FIPS_28123,scott,MS
28125,FIPS_28125,sharkey,MS
28127,FIPS_28127,simpson,MS
28129,FIPS_28129,smith,MS
28131,FIPS_28131,stone,MS
28133,FIPS_28133,sunflower,MS
28135,FIPS_28135,tallahatchie,MS
28137,FIPS_28137,tate,MS
28143,FIPS_28143,tunica,MS
28147,FIPS_28147,walthall,MS
28149,FIPS_28149,warren,MS
28151,FIPS_28151,washington,MS
28153,FIPS_28153,wayne,MS
28157,FIPS_28157,wilkinson,MS
28163,FIPS_28163,yazoo,MS
28003,FIPS_28003,alcorn,MS
28009,FIPS_28009,benton,MS
28013,FIPS_28013,calhoun,MS
28017,FIPS_28017,chickasaw,MS
28019,FIPS_28019,choctaw,MS
28025,FIPS_28025,clay,MS
28057,FIPS_28057,itawamba,MS
28069,FIPS_28069,kemper,MS
28071,FIPS_28071,lafayette,MS
28081,FIPS_28081,lee,MS
28087,FIPS_28087,lowndes,MS
28093,FIPS_28093,marshall,MS
28095,FIPS_28095,monroe,MS
28099,FIPS_28099,neshoba,MS
28103,FIPS_28103,noxubee,MS
28105,FIPS_28105,oktibbeha,MS
28115,FIPS_28115,pontotoc,MS
28117,FIPS_28117,prentiss,MS
28139,FIPS_28139,tippah,MS
28141,FIPS_28141,tishomingo,MS
28145,FIPS_28145,union,MS
28155,FIPS_28155,webster,MS
28159,FIPS_28159,winston,MS
28161,FIPS_28161,yalobusha,MS
01007,FIPS_01007,bibb,AL
01023,FIPS_01023,choctaw,AL
01033,FIPS_01033,colbert,AL
01043,FIPS_01043,cullman,AL
01049,FIPS_01049,dekalb,AL
01057,FIPS_01057,fayette,AL
01059,FIPS_01059,franklin,AL
01063,FIPS_01063,greene,AL
01065,FIPS_01065,hale,AL
01071,FIPS_01071,jackson,AL
01073,FIPS_01073,jefferson,AL
01075,FIPS_01075,lamar,AL
01077,FIPS_01077,lauderdale,AL
01079,FIPS_01079,lawrence,AL
01083,FIPS_01083,limestone,AL
01089,FIPS_01089,madison,AL
01091,FIPS_01091,marengo,AL
01093,FIPS_01093,marion,AL
01095,FIPS_01095,marshall,AL
01103,FIPS_01103,morgan,AL
01105,FIPS_01105,perry,AL
01107,FIPS_01107,pickens,AL
01117,FIPS_01117,shelby,AL
01119,FIPS_01119,sumter,AL
01125,FIPS_01125,tuscaloosa,AL
01127,FIPS_01127,walker,AL
01131,FIPS_01131,wilcox,AL
01133,FIPS_01133,winston,AL
01001,FIPS_01001,autauga,AL
01003,FIPS_01003,baldwin,AL
01005,FIPS_01005,barbour,AL
01009,FIPS_01009,blount,AL
01011,FIPS_01011,bullock,AL
01013,FIPS_01013,butler,AL
01015,FIPS_01015,calhoun,AL
01017,FIPS_01017,chambers,AL
01019,FIPS_01019,cherokee,AL
01021,FIPS_01021,chilton,AL
01025,FIPS_01025,clarke,AL
01027,FIPS_01027,clay,AL
01029,FIPS_01029,cleburne,AL
01031,FIPS_01031,coffee,AL
01035,FIPS_01035,conecuh,AL
01037,FIPS_01037,coosa,AL
01039,FIPS_01039,covington,AL
01041,FIPS_01041,crenshaw,AL
01045,FIPS_01045,dale,AL
01047,FIPS_01047,dallas,AL
01051,FIPS_01051,elmore,AL
01053,FIPS_01053,escambia,AL
01055,FIPS_01055,etowah,AL
01061,FIPS_01061,geneva,AL
01067,FIPS_01067,henry,AL
01069,FIPS_01069,houston,AL
01081,FIPS_01081,lee,AL
01085,FIPS_01085,lowndes,AL
01087,FIPS_01087,macon,AL
01097,FIPS_01097,mobile,AL
01099,FIPS_01099,monroe,AL
01101,FIPS_01101,montgomery,AL
01109,FIPS_01109,pike,AL
01111,FIPS_01111,randolph,AL
01113,FIPS_01113,russell,AL
01115,FIPS_01115,st. clair,AL
01121,FIPS_01121,talladega,AL
01123,FIPS_01123,tallapoosa,AL
01129,FIPS_01129,washington,AL
12005,FIPS_12005,bay,FL
12013,FIPS_12013,calhoun,FL
12033,FIPS_12033,escambia,FL
12045,FIPS_12045,gulf,FL
12059,FIPS_12059,holmes,FL
12063,FIPS_12063,jackson,FL
12091,FIPS_12091,okaloosa,FL
12113,FIPS_12113,santa rosa,FL
12131,FIPS_12131,walton,FL
12133,FIPS_12133,washington,FL
47001,FIPS_47001,anderson,TN
47003,FIPS_47003,bedford,TN
47005,FIPS_47005,benton,TN
47007,FIPS_47007,bledsoe,TN
47009,FIPS_47009,blount,TN
47011,FIPS_47011,bradley,TN
47013,FIPS_47013,campbell,TN
47015,FIPS_47015,cannon,TN
47017,FIPS_47017,carroll,TN
47019,FIPS_47019_47091,carter,TN
47021,FIPS_47021,cheatham,TN
47023,FIPS_47023,chester,TN
47025,FIPS_47025_47057,claiborne,TN
47027,FIPS_47027,clay,TN
47029,FIPS_47029,cocke,TN
47031,FIPS_47031,coffee,TN
47033,FIPS_47033,crockett,TN
47035,FIPS_47035,cumberland,TN
47037,FIPS_47037,davidson,TN
47039,FIPS_47039,decatur,TN
47041,FIPS_47041,dekalb,TN
47043,FIPS_47043,dickson,TN
47045,FIPS_47045,dyer,TN
47047,FIPS_47047,fayette,TN
47049,FIPS_47049,fentress,TN
47051,FIPS_47051,franklin,TN
47053,FIPS_47053,gibson,TN
47055,FIPS_47055,giles,TN
47057,FIPS_47025_47057,grainger,TN
47059,FIPS_47059,greene,TN
47061,FIPS_47061_47153,grundy,TN
47063,FIPS_47063,hamblen,TN
47065,FIPS_47065,hamilton,TN
47067,FIPS_47067_47073,hancock,TN
47069,FIPS_47069,hardeman,TN
47071,FIPS_47071,hardin,TN
47073,FIPS_47067_47073,hawkins,TN
47075,FIPS_47075,haywood,TN
47077,FIPS_47077,henderson,TN
47079,FIPS_47079,henry,TN
47081,FIPS_47081,hickman,TN
47083,FIPS_47083,houston,TN
47085,FIPS_47085,humphreys,TN
47087,FIPS_47087_47141,jackson,TN
47089,FIPS_47089,jefferson,TN
47091,FIPS_47019_47091,johnson,TN
47093,FIPS_47093,knox,TN
47095,FIPS_47095,lake,TN
47097,FIPS_47097,lauderdale,TN
47099,FIPS_47099,lawrence,TN
47101,FIPS_47101,lewis,TN
47103,FIPS_47103,lincoln,TN
47105,FIPS_47105,loudon,TN
47107,FIPS_47107,mcminn,TN
47109,FIPS_47109,mcnairy,TN
47111,FIPS_47111,macon,TN
47113,FIPS_47113,madison,TN
47115,FIPS_47115,marion,TN
47117,FIPS_47117,marshall,TN
47119,FIPS_47119,maury,TN
47121,FIPS_47121,meigs,TN
47123,FIPS_47123,monroe,TN
47125,FIPS_47125,montgomery,TN
47127,FIPS_47127,moore,TN
47129,FIPS_47129,morgan,TN
47131,FIPS_47131,obion,TN
47133,FIPS_47133,overton,TN
47135,FIPS_47135,perry,TN
47137,FIPS_47137,pickett,TN
47139,FIPS_47139,polk,TN
47141,FIPS_47087_47141,putnam,TN
47143,FIPS_47143,rhea,TN
47145,FIPS_47145,roane,TN
47147,FIPS_47147,robertson,TN
47149,FIPS_47149,rutherford,TN
47151,FIPS_47151,scott,TN
47153,FIPS_47061_47153,sequatchie,TN
47155,FIPS_47155,sevier,TN
47157,FIPS_47157,shelby,TN
47159,FIPS_47159,smith,TN
47161,FIPS_47161,stewart,TN
47163,FIPS_47163,sullivan,TN
47165,FIPS_47165,sumner,TN
47167,FIPS_47167,tipton,TN
47169,FIPS_47169,trousdale,TN
47171,FIPS_47171,unicoi,TN
47173,FIPS_47173,union,TN
47175,FIPS_47175,van buren,TN
47177,FIPS_47177,warren,TN
47179,FIPS_47179,washington,TN
47181,FIPS_47181,wayne,TN
47183,FIPS_47183,weakley,TN
47185,FIPS_47185,white,TN
47187,FIPS_47187,williamson,TN
47189,FIPS_47189,wilson,TN
21003,FIPS_21003,allen,KY
21007,FIPS_21007,ballard,KY
21031,FIPS_21031_21227,butler,KY
21035,FIPS_21035,calloway,KY
21039,FIPS_21039,carlisle,KY
21047,FIPS_21047,christian,KY
21053,FIPS_21053,clinton,KY
21057,FIPS_21057,cumberland,KY
21075,FIPS_21075_21105,fulton,KY
21083,FIPS_21083,graves,KY
21105,FIPS_21075_21105,hickman,KY
21139,FIPS_21139,livingston,KY
21141,FIPS_21141,logan,KY
21143,FIPS_21143,lyon,KY
21145,FIPS_21145,mccracken,KY
21147,FIPS_21147,mccreary,KY
21157,FIPS_21157,marshall,KY
21169,FIPS_21169,metcalfe,KY
21171,FIPS_21171,monroe,KY
21199,FIPS_21199,pulaski,KY
21207,FIPS_21207,russell,KY
21213,FIPS_21213,simpson,KY
21219,FIPS_21219,todd,KY
21221,FIPS_21221,trigg,KY
21227,FIPS_21031_21227,warren,KY
21231,FIPS_21231,wayne,KY
13001,FIPS_13001,appling,GA
13003,FIPS_13003,atkinson,GA
13005,FIPS_13005,bacon,GA
13007,FIPS_13007_13205,baker,GA
13009,FIPS_13009,baldwin,GA
13011,FIPS_13011,banks,GA
13013,FIPS_13013,barrow,GA
13015,FIPS_13015,bartow,GA
13017,FIPS_13017,ben hill,GA
13019,FIPS_13019,berrien,GA
13021,FIPS_13021,bibb,GA
13023,FIPS_13023,bleckley,GA
13025,FIPS_13025,brantley,GA
13027,FIPS_13027,brooks,GA
13029,FIPS_13029,bryan,GA
13031,FIPS_13031,bulloch,GA
13033,FIPS_13033,burke,GA
13035,FIPS_13035,butts,GA
13037,FIPS_13037,calhoun,GA
13039,FIPS_13039,camden,GA
13043,FIPS_13043,candler,GA
13045,FIPS_13045,carroll,GA
13047,FIPS_13047,catoosa,GA
13049,FIPS_13049,charlton,GA
13051,FIPS_13051,chatham,GA
13053,FIPS_13053,chattahoochee,GA
13055,FIPS_13055,chattooga,GA
13057,FIPS_13057,cherokee,GA
13059,FIPS_13059,clarke,GA
13061,FIPS_13061,clay,GA
13063,FIPS_13063,clayton,GA
13065,FIPS_13065,clinch,GA
13067,FIPS_13067,cobb,GA
13069,FIPS_13069,coffee,GA
13071,FIPS_13071,colquitt,GA
13073,FIPS_13073,columbia,GA
13075,FIPS_13075,cook,GA
13077,FIPS_13077,coweta,GA
13079,FIPS_13079,crawford,GA
13081,FIPS_13081,crisp,GA
13083,FIPS_13083,dade,GA
13085,FIPS_13085,dawson,GA
13087,FIPS_13087,decatur,GA
13089,FIPS_13089,dekalb,GA
13091,FIPS_13091,dodge,GA
13093,FIPS_13093,dooly,GA
13095,FIPS_13095,dougherty,GA
13097,FIPS_13097,douglas,GA
13099,FIPS_13099,early,GA
13101,FIPS_13101,echols,GA
13103,FIPS_13103,effingham,GA
13105,FIPS_13105,elbert,GA
13107,FIPS_13107,emanuel,GA
13109,FIPS_13109,evans,GA
13111,FIPS_13111,fannin,GA
13113,FIPS_13113,fayette,GA
13115,FIPS_13115,floyd,GA
13117,FIPS_13117,forsyth,GA
13119,FIPS_13119,franklin,GA
13121,FIPS_13121,fulton,GA
13123,FIPS_13123,gilmer,GA
13125,FIPS_13125_13163,glascock,GA
13127,FIPS_13127,glynn,GA
13129,FIPS_13129,gordon,GA
13131,FIPS_13131,grady,GA
13133,FIPS_13133,greene,GA
13135,FIPS_13135,gwinnett,GA
13137,FIPS_13137,habersham,GA
13139,FIPS_13139,hall,GA
13141,FIPS_13141,hancock,GA
13143,FIPS_13143,haralson,GA
13145,FIPS_13145,harris,GA
13147,FIPS_13147,hart,GA
13149,FIPS_13149,heard,GA
13151,FIPS_13151,henry,GA
13153,FIPS_13153,houston,GA
13155,FIPS_13155,irwin,GA
13157,FIPS_13157,jackson,GA
13159,FIPS_13159,jasper,GA
13161,FIPS_13161,jeff davis,GA
13163,FIPS_13125_13163,jefferson,GA
13165,FIPS_13165,jenkins,GA
13167,FIPS_13167,johnson,GA
13169,FIPS_13169,jones,GA
13171,FIPS_13171,lamar,GA
13173,FIPS_13173,lanier,GA
13175,FIPS_13175,laurens,GA
13177,FIPS_13177,lee,GA
13179,FIPS_13179,liberty,GA
13181,FIPS_13181,lincoln,GA
13183,FIPS_13183,long,GA
13185,FIPS_13185,lowndes,GA
13187,FIPS_13187,lumpkin,GA
13189,FIPS_13189,mcduffie,GA
13191,FIPS_13191,mcintosh,GA
13193,FIPS_13193,macon,GA
13195,FIPS_13195,madison,GA
13197,FIPS_13197,marion,GA
13199,FIPS_13199,meriwether,GA
13201,FIPS_13201,miller,GA
13205,FIPS_13007_13205,mitchell,GA
13207,FIPS_13207,monroe,GA
13209,FIPS_13209,montgomery,GA
13211,FIPS_13211,morgan,GA
13213,FIPS_13213,murray,GA
13215,FIPS_13215,muscogee,GA
13217,FIPS_13217,newton,GA
13219,FIPS_13219,oconee,GA
13221,FIPS_13221,oglethorpe,GA
13223,FIPS_13223,paulding,GA
13225,FIPS_13225,peach,GA
13227,FIPS_13227,pickens,GA
13229,FIPS_13229,pierce,GA
13231,FIPS_13231,pike,GA
13233,FIPS_13233,polk,GA
13235,FIPS_13235,pulaski,GA
13237,FIPS_13237,putnam,GA
13239,FIPS_13239,quitman,GA
13241,FIPS_13241,rabun,GA
13243,FIPS_13243,randolph,GA
13245,FIPS_13245,richmond,GA
13247,FIPS_13247,rockdale,GA
13249,FIPS_13249,schley,GA
13251,FIPS_13251,screven,GA
13253,FIPS_13253,seminole,GA
13255,FIPS_13255,spalding,GA
13257,FIPS_13257,stephens,GA
13259,FIPS_13259,stewart,GA
13261,FIPS_13261,sumter,GA
13263,FIPS_13263_13293,talbot,GA
13265,FIPS_13265_13317,taliaferro,GA
13267,FIPS_13267,tattnall,GA
13269,FIPS_13269,taylor,GA
13271,FIPS_13271_13309,telfair,GA
13273,FIPS_13273,terrell,GA
13275,FIPS_13275,thomas,GA
13277,FIPS_13277,tift,GA
13279,FIPS_13279,toombs,GA
13281,FIPS_13281,towns,GA
13283,FIPS_13283,treutlen,GA
13285,FIPS_13285,troup,GA
13287,FIPS_13287,turner,GA
13289,FIPS_13289,twiggs,GA
13291,FIPS_13291,union,GA
13293,FIPS_13263_13293,upson,GA
13295,FIPS_13295,walker,GA
13297,FIPS_13297,walton,GA
13299,FIPS_13299,ware,GA
13301,FIPS_13301,warren,GA
13303,FIPS_13303,washington,GA
13305,FIPS_13305,wayne,GA
13307,FIPS_13307,webster,GA
13309,FIPS_13271_13309,wheeler,GA
13311,FIPS_13311,white,GA
13313,FIPS_13313,whitfield,GA
13315,FIPS_13315,wilcox,GA
13317,FIPS_13265_13317,wilkes,GA
13319,FIPS_13319,wilkinson,GA
13321,FIPS_13321,worth,GA
45001,FIPS_45001,abbeville,SC
45007,FIPS_45007,anderson,SC
45021,FIPS_45021,cherokee,SC
45023,FIPS_45023,chester,SC
45045,FIPS_45045,greenville,SC
45047,FIPS_45047,greenwood,SC
45057,FIPS_45057,lancaster,SC
45059,FIPS_45059,laurens,SC
45073,FIPS_45073,oconee,SC
45077,FIPS_45077,pickens,SC
45083,FIPS_45083,spartanburg,SC
45087,FIPS_45087,union,SC
45091,FIPS_45091,york,SC
45003,FIPS_45003,aiken,SC
45005,FIPS_45005,allendale,SC
45009,FIPS_45009,bamberg,SC
45011,FIPS_45011,barnwell,SC
45013,FIPS_45013,beaufort,SC
45015,FIPS_45015,berkeley,SC
45017,FIPS_45017,calhoun,SC
45019,FIPS_45019,charleston,SC
45025,FIPS_45025,chesterfield,SC
45027,FIPS_45027,clarendon,SC
45029,FIPS_45029,colleton,SC
45031,FIPS_45031,darlington,SC
45033,FIPS_45033,dillon,SC
45035,FIPS_45035,dorchester,SC
45037,FIPS_45037,edgefield,SC
45039,FIPS_45039,fairfield,SC
45041,FIPS_45041,florence,SC
45043,FIPS_45043,georgetown,SC
45049,FIPS_45049,hampton,SC
45051,FIPS_45051,horry,SC
45053,FIPS_45053,jasper,SC
45055,FIPS_45055,kershaw,SC
45061,FIPS_45061,lee,SC
45063,FIPS_45063,lexington,SC
45065,FIPS_45065,mccormick,SC
45067,FIPS_45067,marion,SC
45069,FIPS_45069,marlboro,SC
45071,FIPS_45071,newberry,SC
45075,FIPS_45075,orangeburg,SC
45079,FIPS_45079,richland,SC
45081,FIPS_45081,saluda,SC
45085,FIPS_45085,sumter,SC
45089,FIPS_45089,williamsburg,SC
37003,FIPS_37003,alexander,NC
37005,FIPS_37005_37009_37193,alleghany,NC
37007,FIPS_37007,anson,NC
37009,FIPS_37005_37009_37193,ashe,NC
37011,FIPS_37011_37189,avery,NC
37021,FIPS_37021,buncombe,NC
37023,FIPS_37023,burke,NC
37025,FIPS_37025,cabarrus,NC
37027,FIPS_37027,caldwell,NC
37035,FIPS_37035,catawba,NC
37039,FIPS_37039,cherokee,NC
37043,FIPS_37043,clay,NC
37045,FIPS_37045,cleveland,NC
37057,FIPS_37057,davidson,NC
37059,FIPS_37059,davie,NC
37067,FIPS_37067,forsyth,NC
37071,FIPS_37071,gaston,NC
37075,FIPS_37075,graham,NC
37081,FIPS_37081,guilford,NC
37087,FIPS_37087,haywood,NC
37089,FIPS_37089,henderson,NC
37097,FIPS_37097,iredell,NC
37099,FIPS_37099,jackson,NC
37109,FIPS_37109,lincoln,NC
37111,FIPS_37111,mcdowell,NC
37113,FIPS_37113,macon,NC
37115,FIPS_37115,madison,NC
37119,FIPS_37119,mecklenburg,NC
37121,FIPS_37121,mitchell,NC
37149,FIPS_37149,polk,NC
37151,FIPS_37151,randolph,NC
37157,FIPS_37157,rockingham,NC
37159,FIPS_37159,rowan,NC
37161,FIPS_37161,rutherford,NC
37167,FIPS_37167,stanly,NC
37169,FIPS_37169,stokes,NC
37171,FIPS_37171,surry,NC
37173,FIPS_37173,swain,NC
37175,FIPS_37175,transylvania,NC
37179,FIPS_37179,union,NC
37189,FIPS_37011_37189,watauga,NC
37193,FIPS_37005_37009_37193,wilkes,NC
37197,FIPS_37197,yadkin,NC
37199,FIPS_37199,yancey,NC
37001,FIPS_37001,alamance,NC
37013,FIPS_37013,beaufort,NC
37015,FIPS_37015,bertie,NC
37017,FIPS_37017,bladen,NC
37019,FIPS_37019,brunswick,NC
37029,FIPS_37029,camden,NC
37031,FIPS_37031,carteret,NC
37033,FIPS_37033,caswell,NC
37037,FIPS_37037,chatham,NC
37041,FIPS_37041,chowan,NC
37047,FIPS_37047,columbus,NC
37049,FIPS_37049,craven,NC
37051,FIPS_37051,cumberland,NC
37053,FIPS_37053,currituck,NC
37055,FIPS_37055_37095,dare,NC
37061,FIPS_37061,duplin,NC
37063,FIPS_37063,durham,NC
37065,FIPS_37065,edgecombe,NC
37069,FIPS_37069,franklin,NC
37073,FIPS_37073,gates,NC
37077,FIPS_37077,granville,NC
37079,FIPS_37079,greene,NC
37083,FIPS_37083,halifax,NC
37085,FIPS_37085,harnett,NC
37091,FIPS_37091,hertford,NC
37093,FIPS_37093,hoke,NC
37095,FIPS_37055_37095,hyde,NC
37101,FIPS_37101,johnston,NC
37103,FIPS_37103,jones,NC
37105,FIPS_37105,lee,NC
37107,FIPS_37107,lenoir,NC
37117,FIPS_37117,martin,NC
37123,FIPS_37123,montgomery,NC
37125,FIPS_37125,moore,NC
37127,FIPS_37127,nash,NC
37129,FIPS_37129,new hanover,NC
37131,FIPS_37131,northampton,NC
37133,FIPS_37133,onslow,NC
37135,FIPS_37135,orange,NC
37137,FIPS_37137,pamlico,NC
37139,FIPS_37139,pasquotank,NC
37141,FIPS_37141,pender,NC
37143,FIPS_37143,perquimans,NC
37145,FIPS_37145,person,NC
37147,FIPS_37147,pitt,NC
37153,FIPS_37153,richmond,NC
37155,FIPS_37155,robeson,NC
37163,FIPS_37163,sampson,NC
37165,FIPS_37165,scotland,NC
37177,FIPS_37177,tyrrell,NC
37181,FIPS_37181,vance,NC
37183,FIPS_37183,wake,NC
37185,FIPS_37185,warren,NC
37187,FIPS_37187,washington,NC
37191,FIPS_37191,wayne,NC
37195,FIPS_37195,wilson,NC
51003,FIPS_51003,albemarle,VA
51005,FIPS_51005_51017_51580,alleghany,VA
51007,FIPS_51007,amelia,VA
51011,FIPS_51011,appomattox,VA
51013,FIPS_51013,arlington,VA
51015,FIPS_51015_51790,augusta,VA
51017,FIPS_51005_51017_51580,bath,VA
51025,FIPS_51025,brunswick,VA
51029,FIPS_51029,buckingham,VA
51031,FIPS_51031,campbell,VA
51033,FIPS_51033,caroline,VA
51036,FIPS_51036,charles city,VA
51037,FIPS_51037,charlotte,VA
51041,FIPS_51041_51570,chesterfield,VA
51047,FIPS_51047,culpeper,VA
51049,FIPS_51049,cumberland,VA
51053,FIPS_51053,dinwiddie,VA
51057,FIPS_51057,essex,VA
51059,FIPS_51059_51610,fairfax,VA
51061,FIPS_51061,fauquier,VA
51065,FIPS_51065,fluvanna,VA
51073,FIPS_51073_51115,gloucester,VA
51075,FIPS_51075,goochland,VA
51081,FIPS_51081,greensville,VA
51083,FIPS_51083,halifax,VA
51085,FIPS_51085,hanover,VA
51087,FIPS_51087,henrico,VA
51091,FIPS_51091,highland,VA
51093,FIPS_51093,isle of wight,VA
51095,FIPS_51095,james city,VA
51097,FIPS_51097_51101,king and queen,VA
51099,FIPS_51099,king george,VA
51101,FIPS_51097_51101,king william,VA
51103,FIPS_51103_51133,lancaster,VA
51107,FIPS_51107,loudoun,VA
51109,FIPS_51109,louisa,VA
51111,FIPS_51111,lunenburg,VA
51115,FIPS_51073_51115,mathews,VA
51117,FIPS_51117,mecklenburg,VA
51119,FIPS_51119,middlesex,VA
51127,FIPS_51127,new kent,VA
51133,FIPS_51103_51133,northumberland,VA
51135,FIPS_51135,nottoway,VA
51137,FIPS_51137,orange,VA
51143,FIPS_51143,pittsylvania,VA
51145,FIPS_51145,powhatan,VA
51147,FIPS_51147,prince edward,VA
51149,FIPS_51149,prince george,VA
51153,FIPS_51153,prince william,VA
51159,FIPS_51159,richmond,VA
51163,FIPS_51163_51678,rockbridge,VA
51165,FIPS_51165_51660,rockingham,VA
51171,FIPS_51171,shenandoah,VA
51175,FIPS_51175,southampton,VA
51177,FIPS_51177,spotsylvania,VA
51179,FIPS_51179,stafford,VA
51181,FIPS_51181,surry,VA
51183,FIPS_51183,sussex,VA
51193,FIPS_51193,westmoreland,VA
51199,FIPS_51199_51735,york,VA
51510,FIPS_51510,alexandria,VA
51530,FIPS_51530,buena vista,VA
51540,FIPS_51540,charlottesville,VA
51550,FIPS_51550,chesapeake,VA
51570,FIPS_51041_51570,colonial heights,VA
51580,FIPS_51005_51017_51580,covington,VA
51590,FIPS_51590,danville,VA
51595,FIPS_51595,emporia,VA
51600,FIPS_51600,fairfax city,VA
51610,FIPS_51059_51610,falls church,VA
51620,FIPS_51620,franklin city,VA
51630,FIPS_51630,fredericksburg,VA
51650,FIPS_51650,hampton,VA
51660,FIPS_51165_51660,harrisonburg,VA
51670,FIPS_51670,hopewell,VA
51678,FIPS_51163_51678,lexington,VA
51683,FIPS_51683,manassas,VA
51685,FIPS_51685,manassas park,VA
51700,FIPS_51700,newport news,VA
51710,FIPS_51710,norfolk,VA
51730,FIPS_51730,petersburg,VA
51735,FIPS_51199_51735,poquoson,VA
51740,FIPS_51740,portsmouth,VA
51760,FIPS_51760,richmond city,VA
51790,FIPS_51015_51790,staunton,VA
51800,FIPS_51800,suffolk,VA
51810,FIPS_51810,virginia beach,VA
51820,FIPS_51820,waynesboro,VA
51830,FIPS_51830,williamsburg,VA
51043,FIPS_51043,clarke,VA
51069,FIPS_51069,frederick,VA
51079,FIPS_51079_51113,greene,VA
51113,FIPS_51079_51113,madison,VA
51139,FIPS_51139,page,VA
51157,FIPS_51157,rappahannock,VA
51187,FIPS_51187,warren,VA
51840,FIPS_51840,winchester,VA
12001,FIPS_12001,alachua,FL
12003,FIPS_12003,baker,FL
12007,FIPS_12007,bradford,FL
12015,FIPS_12015,charlotte,FL
12017,FIPS_12017,citrus,FL
12019,FIPS_12019,clay,FL
12021,FIPS_12021,collier,FL
12023,FIPS_12023,columbia,FL
12027,FIPS_12027,desoto,FL
12029,FIPS_12029,dixie,FL
12031,FIPS_12031,duval,FL
12035,FIPS_12035,flagler,FL
12037,FIPS_12037,franklin,FL
12039,FIPS_12039,gadsden,FL
12041,FIPS_12041,gilchrist,FL
12043,FIPS_12043,glades,FL
12047,FIPS_12047,hamilton,FL
12049,FIPS_12049,hardee,FL
12051,FIPS_12051,hendry,FL
12053,FIPS_12053,hernando,FL
12055,FIPS_12055,highlands,FL
12057,FIPS_12057,hillsborough,FL
12065,FIPS_12065,jefferson,FL
12067,FIPS_12067,lafayette,FL
12069,FIPS_12069,lake,FL
12071,FIPS_12071,lee,FL
12073,FIPS_12073,leon,FL
12075,FIPS_12075,levy,FL
12077,FIPS_12077,liberty,FL
12079,FIPS_12079,madison,FL
12081,FIPS_12081,manatee,FL
12083,FIPS_12083,marion,FL
12087,FIPS_12087,monroe,FL
12089,FIPS_12089,nassau,FL
12093,FIPS_12093,okeechobee,FL
12095,FIPS_12095,orange,FL
12097,FIPS_12097,osceola,FL
12101,FIPS_12101,pasco,FL
12103,FIPS_12103,pinellas,FL
12105,FIPS_12105,polk,FL
12107,FIPS_12107,putnam,FL
12109,FIPS_12109,st. johns,FL
12115,FIPS_12115,sarasota,FL
12117,FIPS_12117,seminole,FL
12119,FIPS_12119,sumter,FL
12121,FIPS_12121,suwannee,FL
12123,FIPS_12123,taylor,FL
12125,FIPS_12125,union,FL
12127,FIPS_12127,volusia,FL
12129,FIPS_12129,wakulla,FL
12009,FIPS_12009,brevard,FL
12011,FIPS_12011,broward,FL
12061,FIPS_12061,indian river,FL
12085,FIPS_12085,martin,FL
12086,FIPS_12086,miami-dade,FL
12099,FIPS_12099,palm beach,FL
12111,FIPS_12111,st. lucie,FL
26001,FIPS_26001,alcona,MI
26005,FIPS_26005,allegan,MI
26007,FIPS_26007,alpena,MI
26009,FIPS_26009,antrim,MI
26011,FIPS_26011,arenac,MI
26015,FIPS_26015,barry,MI
26017,FIPS_26017,bay,MI
26019,FIPS_26019,benzie,MI
26023,FIPS_26023,branch,MI
26025,FIPS_26025,calhoun,MI
26029,FIPS_26029,charlevoix,MI
26031,FIPS_26031,cheboygan,MI
26033,FIPS_26033,chippewa,MI
26035,FIPS_26035,clare,MI
26037,FIPS_26037,clinton,MI
26039,FIPS_26039,crawford,MI
26045,FIPS_26045,eaton,MI
26047,FIPS_26047,emmet,MI
26049,FIPS_26049,genesee,MI
26051,FIPS_26051,gladwin,MI
26055,FIPS_26055,grand traverse,MI
26057,FIPS_26057,gratiot,MI
26059,FIPS_26059,hillsdale,MI
26063,FIPS_26063,huron,MI
26065,FIPS_26065,ingham,MI
26067,FIPS_26067,ionia,MI
26069,FIPS_26069,iosco,MI
26073,FIPS_26073,isabella,MI
26075,FIPS_26075,jackson,MI
26079,FIPS_26079,kalkaska,MI
26081,FIPS_26081,kent,MI
26085,FIPS_26085,lake,MI
26087,FIPS_26087,lapeer,MI
26089,FIPS_26089,leelanau,MI
26091,FIPS_26091,lenawee,MI
26093,FIPS_26093,livingston,MI
26095,FIPS_26095,luce,MI
26097,FIPS_26097,mackinac,MI
26099,FIPS_26099,macomb,MI
26101,FIPS_26101,manistee,MI
26105,FIPS_26105,mason,MI
26107,FIPS_26107,mecosta,MI
26111,FIPS_26111,midland,MI
26113,FIPS_26113,missaukee,MI
26115,FIPS_26115,monroe,MI
26117,FIPS_26117,montcalm,MI
26119,FIPS_26119,montmorency,MI
26121,FIPS_26121,muskegon,MI
26123,FIPS_26123,newaygo,MI
26125,FIPS_26125,oakland,MI
26127,FIPS_26127,oceana,MI
26129,FIPS_26129,ogemaw,MI
26133,FIPS_26133,osceola,MI
26135,FIPS_26135,oscoda,MI
26137,FIPS_26137,otsego,MI
26139,FIPS_26139,ottawa,MI
26141,FIPS_26141,presque isle,MI
26143,FIPS_26143,roscommon,MI
26145,FIPS_26145,saginaw,MI
26147,FIPS_26147,st. clair,MI
26151,FIPS_26151,sanilac,MI
26153,FIPS_26153,schoolcraft,MI
26155,FIPS_26155,shiawassee,MI
26157,FIPS_26157,tuscola,MI
26161,FIPS_26161,washtenaw,MI
26163,FIPS_26163,wayne,MI
26165,FIPS_26165,wexford,MI
26021,FIPS_26021,berrien,MI
26027,FIPS_26027,cass,MI
26077,FIPS_26077,kalamazoo,MI
26149,FIPS_26149,st. joseph,MI
26159,FIPS_26159,van buren,MI
18001,FIPS_18001,adams,IN
18003,FIPS_18003,allen,IN
18007,FIPS_18007,benton,IN
18009,FIPS_18009,blackford,IN
18011,FIPS_18011,boone,IN
18015,FIPS_18015,carroll,IN
18017,FIPS_18017,cass,IN
18023,FIPS_18023,clinton,IN
18033,FIPS_18033,dekalb,IN
18035,FIPS_18035,delaware,IN
18039,FIPS_18039,elkhart,IN
18045,FIPS_18045,fountain,IN
18049,FIPS_18049,fulton,IN
18053,FIPS_18053,grant,IN
18059,FIPS_18059,hancock,IN
18063,FIPS_18063,hendricks,IN
18067,FIPS_18067,howard,IN
18069,FIPS_18069,huntington,IN
18073,FIPS_18073,jasper,IN
18075,FIPS_18075,jay,IN
18085,FIPS_18085,kosciusko,IN
18087,FIPS_18087,lagrange,IN
18089,FIPS_18089,lake,IN
18091,FIPS_18091_18149,laporte,IN
18095,FIPS_18095,madison,IN
18099,FIPS_18099,marshall,IN
18103,FIPS_18103,miami,IN
18107,FIPS_18107,montgomery,IN
18111,FIPS_18111,newton,IN
18113,FIPS_18113,noble,IN
18121,FIPS_18121,parke,IN
18127,FIPS_18127,porter,IN
18131,FIPS_18131,pulaski,IN
18133,FIPS_18133,putnam,IN
18135,FIPS_18135,randolph,IN
18141,FIPS_18141,st. joseph,IN
18149,FIPS_18091_18149,starke,IN
18151,FIPS_18151,steuben,IN
18157,FIPS_18157,tippecanoe,IN
18159,FIPS_18159,tipton,IN
18165,FIPS_18165,vermillion,IN
18167,FIPS_18167,vigo,IN
18169,FIPS_18169,wabash,IN
18171,FIPS_18171,warren,IN
18179,FIPS_18179,wells,IN
18181,FIPS_18181,white,IN
18183,FIPS_18183,whitley,IN
18057,FIPS_18057,hamilton,IN
18097,FIPS_18097,marion,IN
18005,FIPS_18005,bartholomew,IN
18013,FIPS_18013,brown,IN
18019,FIPS_18019,clark,IN
18021,FIPS_18021,clay,IN
18025,FIPS_18025,crawford,IN
18027,FIPS_18027,daviess,IN
18029,FIPS_18029_18115,dearborn,IN
18031,FIPS_18031,decatur,IN
18037,FIPS_18037,dubois,IN
18041,FIPS_18041,fayette,IN
18043,FIPS_18043,floyd,IN
18047,FIPS_18047,franklin,IN
18051,FIPS_18051,gibson,IN
18055,FIPS_18055,greene,IN
18061,FIPS_18061,harrison,IN
18065,FIPS_18065,henry,IN
18071,FIPS_18071,jackson,IN
18077,FIPS_18077,jefferson,IN
18079,FIPS_18079,jennings,IN
18081,FIPS_18081,johnson,IN
18083,FIPS_18083,knox,IN
18093,FIPS_18093,lawrence,IN
18101,FIPS_18101,martin,IN
18105,FIPS_18105,monroe,IN
18109,FIPS_18109,morgan,IN
18115,FIPS_18029_18115,ohio,IN
18117,FIPS_18117,orange,IN
18119,FIPS_18119,owen,IN
18123,FIPS_18123,perry,IN
18125,FIPS_18125,pike,IN
18129,FIPS_18129,posey,IN
18137,FIPS_18137,ripley,IN
18139,FIPS_18139,rush,IN
18143,FIPS_18143,scott,IN
18145,FIPS_18145,shelby,IN
18147,FIPS_18147,spencer,IN
18153,FIPS_18153,sullivan,IN
18155,FIPS_18155,switzerland,IN
18161,FIPS_18161,union,IN
18163,FIPS_18163,vanderburgh,IN
18173,FIPS_18173,warrick,IN
18175,FIPS_18175,washington,IN
18177,FIPS_18177,wayne,IN
21027,FIPS_21027,breckinridge,KY
21033,FIPS_21033,caldwell,KY
21055,FIPS_21055,crittenden,KY
21059,FIPS_21059,daviess,KY
21085,FIPS_21085,grayson,KY
21091,FIPS_21091,hancock,KY
21101,FIPS_21101,henderson,KY
21107,FIPS_21107,hopkins,KY
21149,FIPS_21149,mclean,KY
21177,FIPS_21177,muhlenberg,KY
21183,FIPS_21183,ohio,KY
21225,FIPS_21225,union,KY
21233,FIPS_21233,webster,KY
21001,FIPS_21001,adair,KY
21005,FIPS_21005,anderson,KY
21009,FIPS_21009,barren,KY
21011,FIPS_21011,bath,KY
21013,FIPS_21013,bell,KY
21015,FIPS_21015,boone,KY
21017,FIPS_21017,bourbon,KY
21021,FIPS_21021,boyle,KY
21023,FIPS_21023_21201,bracken,KY
21029,FIPS_21029,bullitt,KY
21037,FIPS_21037,campbell,KY
21041,FIPS_21041,carroll,KY
21045,FIPS_21045,casey,KY
21049,FIPS_21049,clark,KY
21051,FIPS_21051,clay,KY
21061,FIPS_21061_21099,edmonson,KY
21063,FIPS_21063,elliott,KY
21065,FIPS_21065,estill,KY
21067,FIPS_21067,fayette,KY
21069,FIPS_21069,fleming,KY
21073,FIPS_21073,franklin,KY
21077,FIPS_21077,gallatin,KY
21079,FIPS_21079,garrard,KY
21081,FIPS_21081,grant,KY
21087,FIPS_21087,green,KY
21089,FIPS_21089,greenup,KY
21093,FIPS_21093,hardin,KY
21095,FIPS_21095,harlan,KY
21097,FIPS_21097,harrison,KY
21099,FIPS_21061_21099,hart,KY
21103,FIPS_21103,henry,KY
21109,FIPS_21109,jackson,KY
21111,FIPS_21111,jefferson,KY
21113,FIPS_21113,jessamine,KY
21115,FIPS_21115,johnson,KY
21117,FIPS_21117,kenton,KY
21121,FIPS_21121,knox,KY
21123,FIPS_21123,larue,KY
21125,FIPS_21125,laurel,KY
21129,FIPS_21129,lee,KY
21135,FIPS_21135,lewis,KY
21137,FIPS_21137,lincoln,KY
21151,FIPS_21151,madison,KY
21153,FIPS_21153,magoffin,KY
21155,FIPS_21155,marion,KY
21161,FIPS_21161,mason,KY
21163,FIPS_21163,meade,KY
21165,FIPS_21165,menifee,KY
21167,FIPS_21167,mercer,KY
21173,FIPS_21173,montgomery,KY
21175,FIPS_21175,morgan,KY
21179,FIPS_21179,nelson,KY
21181,FIPS_21181,nicholas,KY
21185,FIPS_21185,oldham,KY
21187,FIPS_21187,owen,KY
21189,FIPS_21189,owsley,KY
21191,FIPS_21191,pendleton,KY
21197,FIPS_21197,powell,KY
21201,FIPS_21023_21201,robertson,KY
21203,FIPS_21203,rockcastle,KY
21205,FIPS_21205,rowan,KY
21209,FIPS_21209,scott,KY
21211,FIPS_21211,shelby,KY
21215,FIPS_21215,spencer,KY
21217,FIPS_21217,taylor,KY
21223,FIPS_21223,trimble,KY
21229,FIPS_21229,washington,KY
21235,FIPS_21235,whitley,KY
21237,FIPS_21237,wolfe,KY
21239,FIPS_21239,woodford,KY
21019,FIPS_21019,boyd,KY
21025,FIPS_21025,breathitt,KY
21043,FIPS_21043,carter,KY
21071,FIPS_21071,floyd,KY
21119,FIPS_21119,knott,KY
21127,FIPS_21127,lawrence,KY
21131,FIPS_21131,leslie,KY
21133,FIPS_21133,letcher,KY
21159,FIPS_21159,martin,KY
21193,FIPS_21193,perry,KY
21195,FIPS_21195,pike,KY
39007,FIPS_39007,ashtabula,OH
39029,FIPS_39029,columbiana,OH
39035,FIPS_39035,cuyahoga,OH
39043,FIPS_39043,erie,OH
39051,FIPS_39051,fulton,OH
39055,FIPS_39055,geauga,OH
39085,FIPS_39085,lake,OH
39093,FIPS_39093,lorain,OH
39095,FIPS_39095,lucas,OH
39099,FIPS_39099,mahoning,OH
39103,FIPS_39103,medina,OH
39123,FIPS_39123,ottawa,OH
39133,FIPS_39133,portage,OH
39143,FIPS_39143,sandusky,OH
39151,FIPS_39151,stark,OH
39153,FIPS_39153,summit,OH
39155,FIPS_39155,trumbull,OH
39173,FIPS_39173,wood,OH
39001,FIPS_39001,adams,OH
39003,FIPS_39003,allen,OH
39005,FIPS_39005,ashland,OH
39009,FIPS_39009,athens,OH
39011,FIPS_39011,auglaize,OH
39013,FIPS_39013,belmont,OH
39019,FIPS_39019,carroll,OH
39021,FIPS_39021,champaign,OH
39031,FIPS_39031,coshocton,OH
39033,FIPS_39033,crawford,OH
39037,FIPS_39037,darke,OH
39039,FIPS_39039,defiance,OH
39041,FIPS_39041,delaware,OH
39045,FIPS_39045,fairfield,OH
39049,FIPS_39049,franklin,OH
39053,FIPS_39053,gallia,OH
39059,FIPS_39059,guernsey,OH
39063,FIPS_39063,hancock,OH
39065,FIPS_39065,hardin,OH
39067,FIPS_39067,harrison,OH
39069,FIPS_39069,henry,OH
39071,FIPS_39071,highland,OH
39073,FIPS_39073,hocking,OH
39075,FIPS_39075,holmes,OH
39077,FIPS_39077,huron,OH
39079,FIPS_39079,jackson,OH
39081,FIPS_39081,jefferson,OH
39083,FIPS_39083,knox,OH
39087,FIPS_39087,lawrence,OH
39089,FIPS_39089,licking,OH
39091,FIPS_39091,logan,OH
39101,FIPS_39101,marion,OH
39105,FIPS_39105,meigs,OH
39107,FIPS_39107,mercer,OH
39111,FIPS_39111,monroe,OH
39115,FIPS_39115,morgan,OH
39117,FIPS_39117,morrow,OH
39119,FIPS_39119,muskingum,OH
39121,FIPS_39121,noble,OH
39125,FIPS_39125,paulding,OH
39127,FIPS_39127,perry,OH
39129,FIPS_39129,pickaway,OH
39131,FIPS_39131,pike,OH
39137,FIPS_39137,putnam,OH
39139,FIPS_39139,richland,OH
39141,FIPS_39141,ross,OH
39145,FIPS_39145,scioto,OH
39147,FIPS_39147,seneca,OH
39149,FIPS_39149,shelby,OH
39157,FIPS_39157,tuscarawas,OH
39159,FIPS_39159,union,OH
39161,FIPS_39161,van wert,OH
39163,FIPS_39163,vinton,OH
39167,FIPS_39167,washington,OH
39169,FIPS_39169,wayne,OH
39171,FIPS_39171,williams,OH
39175,FIPS_39175,wyandot,OH
39023,FIPS_39023,clark,OH
39027,FIPS_39027,clinton,OH
39047,FIPS_39047,fayette,OH
39057,FIPS_39057,greene,OH
39097,FIPS_39097,madison,OH
39109,FIPS_39109,miami,OH
39113,FIPS_39113,montgomery,OH
39135,FIPS_39135,preble,OH
39015,FIPS_39015,brown,OH
39017,FIPS_39017,butler,OH
39025,FIPS_39025,clermont,OH
39061,FIPS_39061,hamilton,OH
39165,FIPS_39165,warren,OH
42003,FIPS_42003,allegheny,PA
42005,FIPS_42005,armstrong,PA
42007,FIPS_42007,beaver,PA
42019,FIPS_42019,butler,PA
42051,FIPS_42051,fayette,PA
42059,FIPS_42059,greene,PA
42125,FIPS_42125,washington,PA
42129,FIPS_42129,westmoreland,PA
54001,FIPS_54001,barbour,WV
54003,FIPS_54003,berkeley,WV
54007,FIPS_54007,braxton,WV
54009,FIPS_54009,brooke,WV
54013,FIPS_54013,calhoun,WV
54015,FIPS_54015,clay,WV
54017,FIPS_54017,doddridge,WV
54021,FIPS_54021,gilmer,WV
54023,FIPS_54023,grant,WV
54025,FIPS_54025,greenbrier,WV
54027,FIPS_54027,hampshire,WV
54029,FIPS_54029,hancock,WV
54031,FIPS_54031,hardy,WV
54033,FIPS_54033,harrison,WV
54035,FIPS_54035,jackson,WV
54037,FIPS_54037,jefferson,WV
54041,FIPS_54041,lewis,WV
54049,FIPS_54049,marion,WV
54051,FIPS_54051,marshall,WV
54057,FIPS_54057,mineral,WV
54061,FIPS_54061,monongalia,WV
54063,FIPS_54063,monroe,WV
54065,FIPS_54065,morgan,WV
54067,FIPS_54067,nicholas,WV
54069,FIPS_54069,ohio,WV
54071,FIPS_54071,pendleton,WV
54073,FIPS_54073,pleasants,WV
54075,FIPS_54075,pocahontas,WV
54077,FIPS_54077,preston,WV
54083,FIPS_54083,randolph,WV
54085,FIPS_54085,ritchie,WV
54087,FIPS_54087,roane,WV
54089,FIPS_54089,summers,WV
54091,FIPS_54091,taylor,WV
54093,FIPS_54093,tucker,WV
54095,FIPS_54095,tyler,WV
54097,FIPS_54097,upshur,WV
54101,FIPS_54101,webster,WV
54103,FIPS_54103,wetzel,WV
54105,FIPS_54105,wirt,WV
54107,FIPS_54107,wood,WV
54005,FIPS_54005,boone,WV
54011,FIPS_54011,cabell,WV
54019,FIPS_54019,fayette,WV
54039,FIPS_54039,kanawha,WV
54043,FIPS_54043,lincoln,WV
54045,FIPS_54045,logan,WV
54047,FIPS_54047,mcdowell,WV
54053,FIPS_54053,mason,WV
54055,FIPS_54055,mercer,WV
54059,FIPS_54059,mingo,WV
54079,FIPS_54079,putnam,WV
54081,FIPS_54081,raleigh,WV
54099,FIPS_54099,wayne,WV
54109,FIPS_54109,wyoming,WV
51009,FIPS_51009,amherst,VA
51019,FIPS_51019,bedford,VA
51021,FIPS_51021,bland,VA
51023,FIPS_51023,botetourt,VA
51027,FIPS_51027,buchanan,VA
51035,FIPS_51035_51640,carroll,VA
51045,FIPS_51045,craig,VA
51051,FIPS_51051,dickenson,VA
51063,FIPS_51063,floyd,VA
51067,FIPS_51067,franklin,VA
51071,FIPS_51071,giles,VA
51077,FIPS_51077,grayson,VA
51089,FIPS_51089,henry,VA
51105,FIPS_51105,lee,VA
51121,FIPS_51121,montgomery,VA
51125,FIPS_51125,nelson,VA
51141,FIPS_51141,patrick,VA
51155,FIPS_51155,pulaski,VA
51161,FIPS_51161,roanoke,VA
51167,FIPS_51167,russell,VA
51169,FIPS_51169,scott,VA
51173,FIPS_51173,smyth,VA
51185,FIPS_51185,tazewell,VA
51191,FIPS_51191_51520,washington,VA
51195,FIPS_51195,wise,VA
51197,FIPS_51197,wythe,VA
51520,FIPS_51191_51520,bristol,VA
51640,FIPS_51035_51640,galax,VA
51680,FIPS_51680,lynchburg,VA
51690,FIPS_51690,martinsville,VA
51720,FIPS_51720,norton,VA
51750,FIPS_51750,radford,VA
51770,FIPS_51770,roanoke city,VA
51775,FIPS_51775,salem,VA
42023,FIPS_42023,cameron,PA
42027,FIPS_42027,centre,PA
42035,FIPS_42035,clinton,PA
42047,FIPS_42047_42053,elk,PA
42105,FIPS_42105,potter,PA
42055,FIPS_42055,franklin,PA
42057,FIPS_42057,fulton,PA
24001,FIPS_24001,allegany,MD
24021,FIPS_24021,frederick,MD
24023,FIPS_24023,garrett,MD
24043,FIPS_24043,washington,MD
42001,FIPS_42001,adams,PA
42009,FIPS_42009,bedford,PA
42011,FIPS_42011,berks,PA
42013,FIPS_42013,blair,PA
42015,FIPS_42015,bradford,PA
42017,FIPS_42017,bucks,PA
42021,FIPS_42021,cambria,PA
42025,FIPS_42025,carbon,PA
42029,FIPS_42029,chester,PA
42031,FIPS_42031,clarion,PA
42033,FIPS_42033,clearfield,PA
42037,FIPS_42037,columbia,PA
42039,FIPS_42039,crawford,PA
42041,FIPS_42041,cumberland,PA
42043,FIPS_42043,dauphin,PA
42045,FIPS_42045,delaware,PA
42049,FIPS_42049,erie,PA
42053,FIPS_42047_42053,forest,PA
42061,FIPS_42061,huntingdon,PA
42063,FIPS_42063,indiana,PA
42065,FIPS_42065,jefferson,PA
42067,FIPS_42067,juniata,PA
42069,FIPS_42069,lackawanna,PA
42071,FIPS_42071,lancaster,PA
42073,FIPS_42073,lawrence,PA
42075,FIPS_42075,lebanon,PA
42077,FIPS_42077,lehigh,PA
42079,FIPS_42079,luzerne,PA
42081,FIPS_42081_42113,lycoming,PA
42083,FIPS_42083,mckean,PA
42085,FIPS_42085,mercer,PA
42087,FIPS_42087,mifflin,PA
42089,FIPS_42089,monroe,PA
42091,FIPS_42091,montgomery,PA
42093,FIPS_42093_42097,montour,PA
42095,FIPS_42095,northampton,PA
42097,FIPS_42093_42097,northumberland,PA
42099,FIPS_42099,perry,PA
42101,FIPS_42101,philadelphia,PA
42103,FIPS_42103,pike,PA
42107,FIPS_42107,schuylkill,PA
42109,FIPS_42109,snyder,PA
42111,FIPS_42111,somerset,PA
42113,FIPS_42081_42113,sullivan,PA
42115,FIPS_42115,susquehanna,PA
42117,FIPS_42117,tioga,PA
42119,FIPS_42119,union,PA
42121,FIPS_42121,venango,PA
42123,FIPS_42123,warren,PA
42127,FIPS_42127,wayne,PA
42131,FIPS_42131,wyoming,PA
42133,FIPS_42133,york,PA
11001,FIPS_11001,district of columbia,MD
24003,FIPS_24003,anne arundel,MD
24005,FIPS_24005,baltimore,MD
24009,FIPS_24009,calvert,MD
24011,FIPS_24011,caroline,MD
24013,FIPS_24013,carroll,MD
24015,FIPS_24015,cecil,MD
24017,FIPS_24017,charles,MD
24019,FIPS_24019,dorchester,MD
24025,FIPS_24025,harford,MD
24027,FIPS_24027,howard,MD
24029,FIPS_24029,kent,MD
24031,FIPS_24031,montgomery,MD
24033,FIPS_24033,prince george's,MD
24035,FIPS_24035,queen anne's,MD
24037,FIPS_24037,st. mary's,MD
24039,FIPS_24039,somerset,MD
24041,FIPS_24041,talbot,MD
24045,FIPS_24045,wicomico,MD
24047,FIPS_24047,worcester,MD
24510,FIPS_24510,baltimore city,MD
51001,FIPS_51001,accomack,VA
51131,FIPS_51131,northampton,VA
10001,FIPS_10001,kent,DE
10003,FIPS_10003,new castle,DE
10005,FIPS_10005,sussex,DE
34001,FIPS_34001,atlantic,NJ
34003,FIPS_34003,bergen,NJ
34005,FIPS_34005,burlington,NJ
34007,FIPS_34007,camden,NJ
34009,FIPS_34009,cape may,NJ
34011,FIPS_34011,cumberland,NJ
34013,FIPS_34013,essex,NJ
34015,FIPS_34015,gloucester,NJ
34017,FIPS_34017,hudson,NJ
34019,FIPS_34019,hunterdon,NJ
34021,FIPS_34021,mercer,NJ
34023,FIPS_34023,middlesex,NJ
34025,FIPS_34025,monmouth,NJ
34027,FIPS_34027,morris,NJ
34029,FIPS_34029,ocean,NJ
34031,FIPS_34031,passaic,NJ
34033,FIPS_34033,salem,NJ
34035,FIPS_34035,somerset,NJ
34037,FIPS_34037,sussex,NJ
34039,FIPS_34039,union,NJ
34041,FIPS_34041,warren,NJ
36001,FIPS_36001,albany,NY
36003,FIPS_36003,allegany,NY
36005,FIPS_36005,bronx,NY
36007,FIPS_36007,broome,NY
36009,FIPS_36009,cattaraugus,NY
36011,FIPS_36011,cayuga,NY
36013,FIPS_36013,chautauqua,NY
36015,FIPS_36015,chemung,NY
36017,FIPS_36017,chenango,NY
36019,FIPS_36019,clinton,NY
36021,FIPS_36021,columbia,NY
36023,FIPS_36023,cortland,NY
36025,FIPS_36025,delaware,NY
36027,FIPS_36027,dutchess,NY
36029,FIPS_36029,erie,NY
36031,FIPS_36031,essex,NY
36033,FIPS_36033,franklin,NY
36035,FIPS_36035,fulton,NY
36037,FIPS_36037,genesee,NY
36039,FIPS_36039,greene,NY
36041,FIPS_36041,hamilton,NY
36043,FIPS_36043,herkimer,NY
36045,FIPS_36045,jefferson,NY
36047,FIPS_36047,kings,NY
36049,FIPS_36049,lewis,NY
36051,FIPS_36051,livingston,NY
36053,FIPS_36053,madison,NY
36055,FIPS_36055,monroe,NY
36057,FIPS_36057,montgomery,NY
36061,FIPS_36061,new york,NY
36063,FIPS_36063,niagara,NY
36065,FIPS_36065,oneida,NY
36067,FIPS_36067,onondaga,NY
36069,FIPS_36069,ontario,NY
36071,FIPS_36071,orange,NY
36073,FIPS_36073,orleans,NY
36075,FIPS_36075,oswego,NY
36077,FIPS_36077,otsego,NY
36079,FIPS_36079,putnam,NY
36081,FIPS_36081,queens,NY
36083,FIPS_36083,rensselaer,NY
36085,FIPS_36085,richmond,NY
36087,FIPS_36087,rockland,NY
36089,FIPS_36089,st. lawrence,NY
36091,FIPS_36091,saratoga,NY
36093,FIPS_36093,schenectady,NY
36095,FIPS_36095,schoharie,NY
36097,FIPS_36097,schuyler,NY
36099,FIPS_36099,seneca,NY
36101,FIPS_36101,steuben,NY
36105,FIPS_36105,sullivan,NY
36107,FIPS_36107,tioga,NY
36109,FIPS_36109,tompkins,NY
36111,FIPS_36111,ulster,NY
36113,FIPS_36113,warren,NY
36115,FIPS_36115,washington,NY
36117,FIPS_36117,wayne,NY
36119,FIPS_36119,westchester,NY
36121,FIPS_36121,wyoming,NY
36123,FIPS_36123,yates,NY
36059,FIPS_36059,nassau,NY
36103,FIPS_36103,suffolk,NY
50001,FIPS_50001,addison,VT
50003,FIPS_50003,bennington,VT
50005,FIPS_50005,caledonia,VT
50007,FIPS_50007,chittenden,VT
50009,FIPS_50009,essex,VT
50011,FIPS_50011,franklin,VT
50013,FIPS_50013,grand isle,VT
50015,FIPS_50015,lamoille,VT
50017,FIPS_50017,orange,VT
50019,FIPS_50019,orleans,VT
50021,FIPS_50021,rutland,VT
50023,FIPS_50023,washington,VT
50025,FIPS_50025,windham,VT
50027,FIPS_50027,windsor,VT
33001,FIPS_33001,belknap,NH
33003,FIPS_33003,carroll,NH
33005,FIPS_33005,cheshire,NH
33007,FIPS_33007,coos,NH
33009,FIPS_33009,grafton,NH
33011,FIPS_33011,hillsborough,NH
33013,FIPS_33013,merrimack,NH
33015,FIPS_33015,rockingham,NH
33017,FIPS_33017,strafford,NH
33019,FIPS_33019,sullivan,NH
25001,FIPS_25001,barnstable,MA
25003,FIPS_25003,berkshire,MA
25005,FIPS_25005,bristol,MA
25007,FIPS_25007_25019,dukes,MA
25009,FIPS_25009,essex,MA
25011,FIPS_25011,franklin,MA
25013,FIPS_25013,hampden,MA
25015,FIPS_25015,hampshire,MA
25017,FIPS_25017,middlesex,MA
25019,FIPS_25007_25019,nantucket,MA
25021,FIPS_25021,norfolk,MA
25023,FIPS_25023,plymouth,MA
25025,FIPS_25025,suffolk,MA
25027,FIPS_25027,worcester,MA
09110,FIPS_09110,capitol,CT
09120,FIPS_09120,greater bridgeport,CT
09130,FIPS_09130,lower connecticut river valley,CT
09140,FIPS_09140,naugatuck valley,CT
09150,FIPS_09150,northeastern connecticut,CT
09160,FIPS_09160,northwest hills,CT
09170,FIPS_09170,south central connecticut,CT
09180,FIPS_09180,southeastern connecticut,CT
09190,FIPS_09190,western connecticut,CT
44001,FIPS_44001,bristol,RI
44003,FIPS_44003,kent,RI
44005,FIPS_44005,newport,RI
44007,FIPS_44007,providence,RI
44009,FIPS_44009,washington,RI
23001,FIPS_23001,androscoggin,ME
23003,FIPS_23003,aroostook,ME
23005,FIPS_23005,cumberland,ME
23007,FIPS_23007,franklin,ME
23009,FIPS_23009,hancock,ME
23011,FIPS_23011,kennebec,ME
23013,FIPS_23013,knox,ME
23015,FIPS_23015,lincoln,ME
23017,FIPS_23017,oxford,ME
23019,FIPS_23019,penobscot,ME
23021,FIPS_23021,piscataquis,ME
23023,FIPS_23023,sagadahoc,ME
23025,FIPS_23025,somerset,ME
23027,FIPS_23027,waldo,ME
23029,FIPS_23029,washington,ME
23031,FIPS_23031,york,ME
