r,tg
p01001,csp
p01003,csp
p01017,csp
p01031,csp
p01033,csp
p01035,csp
p01037,csp
p01045,csp
p01047,csp
p01053,csp
p01055,csp
p01059,csp
p01063,csp
p01065,csp
p01069,csp
p01071,csp
p01077,csp
p01079,csp
p01081,csp
p01083,csp
p01085,csp
p01091,csp
p01097,csp
p01099,csp
p01101,csp
p01103,csp
p01105,csp
p01109,csp
p01111,csp
p01113,csp
p01117,csp
p01121,csp
p01127,csp
p01129,csp
p01131,csp
p04001,csp
p04003,csp
p04005,csp
p04011,csp
p04012,csp
p04013,csp
p04015,csp
p04017,csp
p04019,csp
p04021,csp
p04025,csp
p04027,csp
p05001,csp
p05003,csp
p05007,csp
p05011,csp
p05013,csp
p05015,csp
p05017,csp
p05021,csp
p05025,csp
p05027,csp
p05029,csp
p05031,csp
p05033,csp
p05035,csp
p05037,csp
p05041,csp
p05043,csp
p05045,csp
p05047,csp
p05053,csp
p05055,csp
p05057,csp
p05059,csp
p05061,csp
p05063,csp
p05067,csp
p05069,csp
p05075,csp
p05077,csp
p05081,csp
p05085,csp
p05093,csp
p05095,csp
p05099,csp
p05103,csp
p05107,csp
p05109,csp
p05111,csp
p05115,csp
p05117,csp
p05119,csp
p05123,csp
p05125,csp
p05131,csp
p05135,csp
p05139,csp
p05141,csp
p05145,csp
p05147,csp
p06001,csp
p06007,csp
p06009,csp
p06011,csp
p06013,csp
p06017,csp
p06019,csp
p06021,csp
p06023,csp
p06025,csp
p06027,csp
p06029,csp
p06031,csp
p06033,csp
p06035,csp
p06037,csp
p06039,csp
p06041,csp
p06047,csp
p06053,csp
p06055,csp
p06059,csp
p06061,csp
p06065,csp
p06067,csp
p06069,csp
p06071,csp
p06073,csp
p06075,csp
p06077,csp
p06079,csp
p06081,csp
p06085,csp
p06087,csp
p06089,csp
p06093,csp
p06095,csp
p06097,csp
p06099,csp
p06101,csp
p06103,csp
p06107,csp
p06109,csp
p06111,csp
p06113,csp
p06115,csp
p08001,csp
p08003,csp
p08005,csp
p08011,csp
p08017,csp
p08029,csp
p08033,csp
p08039,csp
p08041,csp
p08043,csp
p08045,csp
p08055,csp
p08057,csp
p08061,csp
p08063,csp
p08067,csp
p08071,csp
p08073,csp
p08075,csp
p08077,csp
p08081,csp
p08083,csp
p08085,csp
p08087,csp
p08089,csp
p08099,csp
p08101,csp
p08107,csp
p08113,csp
p08123,csp
p08125,csp
p10001,csp
p10003,csp
p10005,csp
p12001,csp
p12003,csp
p12005,csp
p12007,csp
p12009,csp
p12013,csp
p12015,csp
p12017,csp
p12019,csp
p12021,csp
p12023,csp
p12027,csp
p12031,csp
p12033,csp
p12035,csp
p12039,csp
p12041,csp
p12045,csp
p12047,csp
p12049,csp
p12051,csp
p12053,csp
p12055,csp
p12057,csp
p12061,csp
p12063,csp
p12065,csp
p12071,csp
p12073,csp
p12075,csp
p12077,csp
p12079,csp
p12081,csp
p12083,csp
p12085,csp
p12086,csp
p12089,csp
p12091,csp
p12093,csp
p12097,csp
p12099,csp
p12101,csp
p12103,csp
p12105,csp
p12107,csp
p12111,csp
p12113,csp
p12119,csp
p12121,csp
p12123,csp
p12125,csp
p12127,csp
p12131,csp
p12133,csp
p13001,csp
p13005,csp
p13009,csp
p13015,csp
p13027,csp
p13033,csp
p13039,csp
p13043,csp
p13045,csp
p13049,csp
p13051,csp
p13057,csp
p13059,csp
p13063,csp
p13065,csp
p13069,csp
p13077,csp
p13079,csp
p13087,csp
p13091,csp
p13097,csp
p13099,csp
p13103,csp
p13105,csp
p13107,csp
p13115,csp
p13121,csp
p13125,csp
p13127,csp
p13133,csp
p13147,csp
p13149,csp
p13153,csp
p13155,csp
p13159,csp
p13161,csp
p13163,csp
p13167,csp
p13175,csp
p13177,csp
p13179,csp
p13181,csp
p13185,csp
p13189,csp
p13193,csp
p13197,csp
p13199,csp
p13201,csp
p13205,csp
p13207,csp
p13209,csp
p13221,csp
p13229,csp
p13233,csp
p13235,csp
p13237,csp
p13243,csp
p13247,csp
p13261,csp
p13263,csp
p13265,csp
p13267,csp
p13269,csp
p13273,csp
p13279,csp
p13283,csp
p13285,csp
p13287,csp
p13289,csp
p13299,csp
p13301,csp
p13303,csp
p13309,csp
p13315,csp
p13319,csp
p13321,csp
p16001,csp
p16005,csp
p16007,csp
p16009,csp
p16011,csp
p16013,csp
p16017,csp
p16019,csp
p16023,csp
p16027,csp
p16029,csp
p16031,csp
p16033,csp
p16035,csp
p16039,csp
p16041,csp
p16043,csp
p16047,csp
p16051,csp
p16053,csp
p16055,csp
p16063,csp
p16067,csp
p16071,csp
p16073,csp
p16077,csp
p16083,csp
p16087,csp
p17001,csp
p17005,csp
p17007,csp
p17011,csp
p17017,csp
p17019,csp
p17021,csp
p17023,csp
p17025,csp
p17027,csp
p17029,csp
p17031,csp
p17035,csp
p17037,csp
p17039,csp
p17045,csp
p17047,csp
p17051,csp
p17053,csp
p17055,csp
p17057,csp
p17061,csp
p17063,csp
p17065,csp
p17073,csp
p17075,csp
p17077,csp
p17079,csp
p17081,csp
p17087,csp
p17089,csp
p17091,csp
p17093,csp
p17095,csp
p17097,csp
p17103,csp
p17105,csp
p17107,csp
p17109,csp
p17111,csp
p17113,csp
p17115,csp
p17117,csp
p17121,csp
p17123,csp
p17125,csp
p17129,csp
p17131,csp
p17135,csp
p17137,csp
p17139,csp
p17141,csp
p17143,csp
p17145,csp
p17147,csp
p17153,csp
p17155,csp
p17157,csp
p17161,csp
p17163,csp
p17165,csp
p17167,csp
p17171,csp
p17173,csp
p17175,csp
p17177,csp
p17179,csp
p17183,csp
p17185,csp
p17187,csp
p17189,csp
p17193,csp
p17195,csp
p17197,csp
p17199,csp
p17201,csp
p17203,csp
p18001,csp
p18003,csp
p18005,csp
p18007,csp
p18009,csp
p18011,csp
p18013,csp
p18015,csp
p18017,csp
p18019,csp
p18021,csp
p18023,csp
p18027,csp
p18031,csp
p18033,csp
p18035,csp
p18037,csp
p18039,csp
p18041,csp
p18045,csp
p18047,csp
p18051,csp
p18053,csp
p18055,csp
p18057,csp
p18059,csp
p18061,csp
p18063,csp
p18065,csp
p18067,csp
p18069,csp
p18073,csp
p18075,csp
p18077,csp
p18079,csp
p18081,csp
p18083,csp
p18085,csp
p18087,csp
p18089,csp
p18091,csp
p18093,csp
p18095,csp
p18097,csp
p18099,csp
p18103,csp
p18107,csp
p18111,csp
p18113,csp
p18125,csp
p18127,csp
p18129,csp
p18131,csp
p18133,csp
p18135,csp
p18137,csp
p18139,csp
p18141,csp
p18143,csp
p18145,csp
p18147,csp
p18149,csp
p18153,csp
p18157,csp
p18159,csp
p18161,csp
p18163,csp
p18165,csp
p18167,csp
p18169,csp
p18171,csp
p18173,csp
p18175,csp
p18177,csp
p18179,csp
p18181,csp
p18183,csp
p19001,csp
p19019,csp
p19027,csp
p19033,csp
p19035,csp
p19037,csp
p19041,csp
p19045,csp
p19047,csp
p19057,csp
p19059,csp
p19061,csp
p19069,csp
p19073,csp
p19081,csp
p19083,csp
p19087,csp
p19089,csp
p19091,csp
p19103,csp
p19111,csp
p19113,csp
p19127,csp
p19129,csp
p19139,csp
p19143,csp
p19145,csp
p19147,csp
p19149,csp
p19151,csp
p19153,csp
p19155,csp
p19163,csp
p19167,csp
p19169,csp
p19171,csp
p19173,csp
p19175,csp
p19183,csp
p19187,csp
p19189,csp
p19193,csp
p19195,csp
p20001,csp
p20003,csp
p20007,csp
p20009,csp
p20011,csp
p20015,csp
p20021,csp
p20029,csp
p20031,csp
p20035,csp
p20037,csp
p20039,csp
p20041,csp
p20045,csp
p20047,csp
p20049,csp
p20051,csp
p20055,csp
p20057,csp
p20059,csp
p20067,csp
p20077,csp
p20079,csp
p20083,csp
p20085,csp
p20091,csp
p20093,csp
p20099,csp
p20105,csp
p20111,csp
p20113,csp
p20121,csp
p20129,csp
p20131,csp
p20139,csp
p20141,csp
p20149,csp
p20151,csp
p20159,csp
p20167,csp
p20169,csp
p20171,csp
p20173,csp
p20175,csp
p20181,csp
p20187,csp
p20189,csp
p20191,csp
p20201,csp
p20205,csp
p20209,csp
p21001,csp
p21009,csp
p21011,csp
p21015,csp
p21017,csp
p21027,csp
p21029,csp
p21031,csp
p21033,csp
p21047,csp
p21049,csp
p21055,csp
p21059,csp
p21067,csp
p21069,csp
p21079,csp
p21081,csp
p21083,csp
p21087,csp
p21091,csp
p21093,csp
p21097,csp
p21099,csp
p21101,csp
p21105,csp
p21107,csp
p21109,csp
p21119,csp
p21123,csp
p21127,csp
p21131,csp
p21133,csp
p21139,csp
p21141,csp
p21143,csp
p21145,csp
p21149,csp
p21151,csp
p21155,csp
p21159,csp
p21161,csp
p21163,csp
p21167,csp
p21169,csp
p21173,csp
p21177,csp
p21179,csp
p21183,csp
p21193,csp
p21195,csp
p21207,csp
p21209,csp
p21213,csp
p21217,csp
p21223,csp
p21229,csp
p21231,csp
p21233,csp
p22001,csp
p22003,csp
p22005,csp
p22007,csp
p22009,csp
p22011,csp
p22013,csp
p22015,csp
p22017,csp
p22019,csp
p22029,csp
p22031,csp
p22033,csp
p22035,csp
p22037,csp
p22039,csp
p22041,csp
p22043,csp
p22047,csp
p22051,csp
p22053,csp
p22055,csp
p22057,csp
p22061,csp
p22063,csp
p22067,csp
p22071,csp
p22073,csp
p22077,csp
p22079,csp
p22081,csp
p22083,csp
p22085,csp
p22091,csp
p22093,csp
p22095,csp
p22097,csp
p22099,csp
p22101,csp
p22103,csp
p22105,csp
p22111,csp
p22113,csp
p22117,csp
p22119,csp
p22121,csp
p22123,csp
p22127,csp
p23001,csp
p23003,csp
p23005,csp
p23007,csp
p23009,csp
p23011,csp
p23013,csp
p23015,csp
p23017,csp
p23019,csp
p23021,csp
p23023,csp
p23025,csp
p23027,csp
p23029,csp
p23031,csp
p24001,csp
p24003,csp
p24005,csp
p24009,csp
p24011,csp
p24015,csp
p24017,csp
p24019,csp
p24021,csp
p24023,csp
p24025,csp
p24029,csp
p24031,csp
p24033,csp
p24035,csp
p24039,csp
p24041,csp
p24043,csp
p24045,csp
p24047,csp
p25001,csp
p25003,csp
p25005,csp
p25009,csp
p25011,csp
p25013,csp
p25015,csp
p25017,csp
p25021,csp
p25023,csp
p25025,csp
p25027,csp
p26001,csp
p26005,csp
p26011,csp
p26013,csp
p26017,csp
p26021,csp
p26023,csp
p26025,csp
p26027,csp
p26031,csp
p26035,csp
p26037,csp
p26041,csp
p26043,csp
p26045,csp
p26049,csp
p26051,csp
p26057,csp
p26059,csp
p26063,csp
p26065,csp
p26067,csp
p26069,csp
p26075,csp
p26077,csp
p26079,csp
p26081,csp
p26091,csp
p26093,csp
p26099,csp
p26103,csp
p26105,csp
p26111,csp
p26115,csp
p26117,csp
p26121,csp
p26123,csp
p26127,csp
p26129,csp
p26133,csp
p26137,csp
p26139,csp
p26141,csp
p26143,csp
p26145,csp
p26147,csp
p26149,csp
p26151,csp
p26155,csp
p26157,csp
p26159,csp
p26161,csp
p26163,csp
p27003,csp
p27009,csp
p27025,csp
p27027,csp
p27029,csp
p27033,csp
p27037,csp
p27041,csp
p27043,csp
p27045,csp
p27047,csp
p27049,csp
p27053,csp
p27057,csp
p27059,csp
p27063,csp
p27081,csp
p27083,csp
p27089,csp
p27091,csp
p27097,csp
p27099,csp
p27101,csp
p27105,csp
p27109,csp
p27117,csp
p27119,csp
p27125,csp
p27127,csp
p27129,csp
p27133,csp
p27137,csp
p27139,csp
p27141,csp
p27149,csp
p27157,csp
p27159,csp
p27163,csp
p27165,csp
p27167,csp
p27173,csp
p28003,csp
p28005,csp
p28007,csp
p28011,csp
p28013,csp
p28015,csp
p28017,csp
p28019,csp
p28023,csp
p28025,csp
p28027,csp
p28031,csp
p28033,csp
p28035,csp
p28037,csp
p28045,csp
p28049,csp
p28051,csp
p28053,csp
p28061,csp
p28063,csp
p28065,csp
p28067,csp
p28073,csp
p28081,csp
p28083,csp
p28085,csp
p28087,csp
p28089,csp
p28091,csp
p28093,csp
p28095,csp
p28097,csp
p28101,csp
p28105,csp
p28107,csp
p28109,csp
p28111,csp
p28115,csp
p28119,csp
p28121,csp
p28123,csp
p28125,csp
p28127,csp
p28131,csp
p28133,csp
p28135,csp
p28137,csp
p28143,csp
p28147,csp
p28151,csp
p28153,csp
p28157,csp
p28163,csp
p29001,csp
p29003,csp
p29005,csp
p29007,csp
p29009,csp
p29011,csp
p29017,csp
p29019,csp
p29023,csp
p29025,csp
p29027,csp
p29031,csp
p29033,csp
p29037,csp
p29039,csp
p29041,csp
p29043,csp
p29045,csp
p29047,csp
p29049,csp
p29053,csp
p29057,csp
p29067,csp
p29073,csp
p29075,csp
p29077,csp
p29083,csp
p29093,csp
p29095,csp
p29097,csp
p29099,csp
p29101,csp
p29103,csp
p29107,csp
p29113,csp
p29119,csp
p29121,csp
p29123,csp
p29125,csp
p29127,csp
p29133,csp
p29139,csp
p29143,csp
p29145,csp
p29147,csp
p29159,csp
p29163,csp
p29167,csp
p29173,csp
p29175,csp
p29183,csp
p29187,csp
p29201,csp
p29207,csp
p29219,csp
p29221,csp
p30003,csp
p30007,csp
p30013,csp
p30021,csp
p30029,csp
p30031,csp
p30053,csp
p30057,csp
p30059,csp
p30065,csp
p30077,csp
p30087,csp
p30093,csp
p30095,csp
p30099,csp
p30107,csp
p30109,csp
p30111,csp
p31003,csp
p31007,csp
p31017,csp
p31021,csp
p31023,csp
p31025,csp
p31027,csp
p31029,csp
p31031,csp
p31033,csp
p31041,csp
p31043,csp
p31055,csp
p31067,csp
p31077,csp
p31089,csp
p31095,csp
p31101,csp
p31107,csp
p31109,csp
p31111,csp
p31119,csp
p31127,csp
p31135,csp
p31139,csp
p31147,csp
p31151,csp
p31153,csp
p31159,csp
p31165,csp
p31169,csp
p31177,csp
p31179,csp
p31181,csp
p32001,csp
p32003,csp
p32007,csp
p32009,csp
p32011,csp
p32013,csp
p32015,csp
p32019,csp
p32021,csp
p32023,csp
p32027,csp
p32029,csp
p32031,csp
p32033,csp
p32510,csp
p33001,csp
p33005,csp
p33011,csp
p33013,csp
p33015,csp
p33017,csp
p33019,csp
p34001,csp
p34003,csp
p34005,csp
p34007,csp
p34009,csp
p34011,csp
p34013,csp
p34015,csp
p34017,csp
p34019,csp
p34021,csp
p34023,csp
p34025,csp
p34027,csp
p34029,csp
p34033,csp
p34035,csp
p34037,csp
p34041,csp
p35001,csp
p35005,csp
p35006,csp
p35009,csp
p35011,csp
p35013,csp
p35015,csp
p35017,csp
p35019,csp
p35021,csp
p35023,csp
p35025,csp
p35027,csp
p35029,csp
p35031,csp
p35035,csp
p35037,csp
p35041,csp
p35043,csp
p35045,csp
p35049,csp
p35053,csp
p35057,csp
p35059,csp
p35061,csp
p36001,csp
p36003,csp
p36005,csp
p36007,csp
p36009,csp
p36011,csp
p36013,csp
p36015,csp
p36017,csp
p36019,csp
p36021,csp
p36023,csp
p36025,csp
p36027,csp
p36029,csp
p36031,csp
p36033,csp
p36035,csp
p36037,csp
p36039,csp
p36041,csp
p36043,csp
p36045,csp
p36047,csp
p36049,csp
p36051,csp
p36053,csp
p36055,csp
p36057,csp
p36059,csp
p36061,csp
p36063,csp
p36065,csp
p36067,csp
p36069,csp
p36071,csp
p36073,csp
p36075,csp
p36077,csp
p36079,csp
p36081,csp
p36083,csp
p36085,csp
p36087,csp
p36089,csp
p36091,csp
p36093,csp
p36095,csp
p36097,csp
p36099,csp
p36101,csp
p36103,csp
p36105,csp
p36107,csp
p36109,csp
p36111,csp
p36113,csp
p36115,csp
p36119,csp
p36121,csp
p36123,csp
p37001,csp
p37013,csp
p37015,csp
p37017,csp
p37021,csp
p37023,csp
p37035,csp
p37037,csp
p37041,csp
p37045,csp
p37047,csp
p37051,csp
p37053,csp
p37057,csp
p37061,csp
p37063,csp
p37065,csp
p37071,csp
p37077,csp
p37079,csp
p37081,csp
p37083,csp
p37085,csp
p37091,csp
p37093,csp
p37099,csp
p37101,csp
p37103,csp
p37107,csp
p37109,csp
p37113,csp
p37117,csp
p37119,csp
p37123,csp
p37127,csp
p37139,csp
p37143,csp
p37145,csp
p37147,csp
p37151,csp
p37153,csp
p37155,csp
p37161,csp
p37163,csp
p37165,csp
p37171,csp
p37179,csp
p37181,csp
p37183,csp
p37185,csp
p37187,csp
p37191,csp
p37193,csp
p37195,csp
p38003,csp
p38011,csp
p38013,csp
p38017,csp
p38029,csp
p38045,csp
p38051,csp
p38053,csp
p38055,csp
p38057,csp
p38059,csp
p38065,csp
p38081,csp
p38085,csp
p38087,csp
p38089,csp
p38091,csp
p38093,csp
p38101,csp
p38105,csp
p39001,csp
p39003,csp
p39005,csp
p39007,csp
p39011,csp
p39013,csp
p39015,csp
p39017,csp
p39019,csp
p39021,csp
p39023,csp
p39025,csp
p39027,csp
p39029,csp
p39031,csp
p39033,csp
p39039,csp
p39041,csp
p39043,csp
p39045,csp
p39047,csp
p39049,csp
p39051,csp
p39053,csp
p39057,csp
p39059,csp
p39063,csp
p39065,csp
p39067,csp
p39069,csp
p39071,csp
p39077,csp
p39079,csp
p39081,csp
p39083,csp
p39089,csp
p39091,csp
p39093,csp
p39095,csp
p39097,csp
p39099,csp
p39101,csp
p39105,csp
p39109,csp
p39111,csp
p39113,csp
p39115,csp
p39117,csp
p39119,csp
p39123,csp
p39125,csp
p39127,csp
p39129,csp
p39131,csp
p39135,csp
p39137,csp
p39139,csp
p39141,csp
p39147,csp
p39149,csp
p39151,csp
p39155,csp
p39157,csp
p39159,csp
p39161,csp
p39163,csp
p39165,csp
p39167,csp
p39169,csp
p39171,csp
p39173,csp
p39175,csp
p40003,csp
p40005,csp
p40007,csp
p40009,csp
p40011,csp
p40013,csp
p40015,csp
p40017,csp
p40019,csp
p40023,csp
p40027,csp
p40029,csp
p40031,csp
p40033,csp
p40035,csp
p40037,csp
p40039,csp
p40043,csp
p40045,csp
p40047,csp
p40049,csp
p40051,csp
p40063,csp
p40065,csp
p40069,csp
p40071,csp
p40073,csp
p40075,csp
p40081,csp
p40083,csp
p40087,csp
p40089,csp
p40091,csp
p40095,csp
p40097,csp
p40101,csp
p40103,csp
p40105,csp
p40107,csp
p40109,csp
p40113,csp
p40117,csp
p40119,csp
p40121,csp
p40123,csp
p40125,csp
p40129,csp
p40131,csp
p40139,csp
p40141,csp
p40143,csp
p40145,csp
p40149,csp
p40151,csp
p40153,csp
p41001,csp
p41003,csp
p41005,csp
p41009,csp
p41011,csp
p41013,csp
p41015,csp
p41017,csp
p41019,csp
p41021,csp
p41025,csp
p41027,csp
p41029,csp
p41031,csp
p41035,csp
p41037,csp
p41039,csp
p41041,csp
p41043,csp
p41045,csp
p41047,csp
p41049,csp
p41051,csp
p41055,csp
p41059,csp
p41061,csp
p41065,csp
p41067,csp
p41071,csp
p42001,csp
p42003,csp
p42005,csp
p42007,csp
p42009,csp
p42011,csp
p42013,csp
p42015,csp
p42017,csp
p42019,csp
p42021,csp
p42025,csp
p42027,csp
p42029,csp
p42031,csp
p42033,csp
p42035,csp
p42037,csp
p42039,csp
p42041,csp
p42043,csp
p42045,csp
p42047,csp
p42049,csp
p42051,csp
p42055,csp
p42057,csp
p42059,csp
p42061,csp
p42063,csp
p42065,csp
p42067,csp
p42069,csp
p42071,csp
p42073,csp
p42075,csp
p42079,csp
p42081,csp
p42083,csp
p42085,csp
p42087,csp
p42089,csp
p42093,csp
p42095,csp
p42097,csp
p42099,csp
p42101,csp
p42105,csp
p42107,csp
p42109,csp
p42111,csp
p42115,csp
p42117,csp
p42119,csp
p42121,csp
p42123,csp
p42125,csp
p42127,csp
p42129,csp
p42131,csp
p42133,csp
p44003,csp
p44005,csp
p44007,csp
p44009,csp
p45003,csp
p45007,csp
p45015,csp
p45017,csp
p45021,csp
p45023,csp
p45025,csp
p45027,csp
p45031,csp
p45033,csp
p45039,csp
p45041,csp
p45045,csp
p45047,csp
p45049,csp
p45051,csp
p45055,csp
p45059,csp
p45061,csp
p45067,csp
p45069,csp
p45071,csp
p45073,csp
p45075,csp
p45077,csp
p45083,csp
p45085,csp
p45087,csp
p45089,csp
p46011,csp
p46013,csp
p46019,csp
p46021,csp
p46025,csp
p46029,csp
p46039,csp
p46051,csp
p46055,csp
p46059,csp
p46069,csp
p46087,csp
p46089,csp
p46103,csp
p46105,csp
p46107,csp
p46109,csp
p46117,csp
p46125,csp
p47001,csp
p47003,csp
p47007,csp
p47017,csp
p47021,csp
p47033,csp
p47035,csp
p47041,csp
p47043,csp
p47045,csp
p47047,csp
p47053,csp
p47059,csp
p47061,csp
p47065,csp
p47069,csp
p47071,csp
p47073,csp
p47075,csp
p47077,csp
p47085,csp
p47095,csp
p47099,csp
p47105,csp
p47109,csp
p47113,csp
p47115,csp
p47117,csp
p47119,csp
p47125,csp
p47127,csp
p47133,csp
p47145,csp
p47147,csp
p47157,csp
p47161,csp
p47167,csp
p47169,csp
p47181,csp
p47183,csp
p48001,csp
p48003,csp
p48005,csp
p48007,csp
p48009,csp
p48011,csp
p48013,csp
p48015,csp
p48017,csp
p48019,csp
p48021,csp
p48023,csp
p48025,csp
p48027,csp
p48029,csp
p48033,csp
p48035,csp
p48037,csp
p48039,csp
p48041,csp
p48045,csp
p48047,csp
p48049,csp
p48053,csp
p48055,csp
p48057,csp
p48059,csp
p48061,csp
p48063,csp
p48065,csp
p48069,csp
p48071,csp
p48073,csp
p48075,csp
p48077,csp
p48081,csp
p48083,csp
p48085,csp
p48089,csp
p48091,csp
p48093,csp
p48095,csp
p48097,csp
p48099,csp
p48101,csp
p48103,csp
p48105,csp
p48107,csp
p48109,csp
p48113,csp
p48115,csp
p48117,csp
p48119,csp
p48121,csp
p48123,csp
p48125,csp
p48127,csp
p48131,csp
p48133,csp
p48135,csp
p48137,csp
p48139,csp
p48141,csp
p48143,csp
p48145,csp
p48147,csp
p48149,csp
p48151,csp
p48155,csp
p48157,csp
p48159,csp
p48161,csp
p48163,csp
p48167,csp
p48173,csp
p48175,csp
p48177,csp
p48179,csp
p48181,csp
p48185,csp
p48187,csp
p48189,csp
p48191,csp
p48197,csp
p48199,csp
p48201,csp
p48203,csp
p48207,csp
p48209,csp
p48213,csp
p48215,csp
p48217,csp
p48221,csp
p48223,csp
p48225,csp
p48227,csp
p48231,csp
p48233,csp
p48237,csp
p48239,csp
p48241,csp
p48245,csp
p48249,csp
p48251,csp
p48253,csp
p48255,csp
p48257,csp
p48259,csp
p48263,csp
p48265,csp
p48269,csp
p48271,csp
p48273,csp
p48275,csp
p48277,csp
p48279,csp
p48281,csp
p48283,csp
p48285,csp
p48287,csp
p48289,csp
p48291,csp
p48293,csp
p48297,csp
p48303,csp
p48305,csp
p48307,csp
p48309,csp
p48311,csp
p48313,csp
p48315,csp
p48317,csp
p48319,csp
p48321,csp
p48323,csp
p48325,csp
p48327,csp
p48329,csp
p48331,csp
p48333,csp
p48335,csp
p48337,csp
p48341,csp
p48343,csp
p48345,csp
p48347,csp
p48349,csp
p48351,csp
p48353,csp
p48355,csp
p48357,csp
p48359,csp
p48361,csp
p48363,csp
p48367,csp
p48369,csp
p48371,csp
p48373,csp
p48375,csp
p48379,csp
p48381,csp
p48383,csp
p48385,csp
p48387,csp
p48389,csp
p48391,csp
p48395,csp
p48397,csp
p48399,csp
p48401,csp
p48407,csp
p48409,csp
p48413,csp
p48415,csp
p48417,csp
p48421,csp
p48423,csp
p48427,csp
p48429,csp
p48433,csp
p48437,csp
p48439,csp
p48441,csp
p48445,csp
p48447,csp
p48449,csp
p48451,csp
p48453,csp
p48457,csp
p48461,csp
p48463,csp
p48465,csp
p48467,csp
p48469,csp
p48471,csp
p48473,csp
p48475,csp
p48477,csp
p48479,csp
p48481,csp
p48483,csp
p48485,csp
p48487,csp
p48489,csp
p48491,csp
p48493,csp
p48495,csp
p48497,csp
p48501,csp
p48503,csp
p48505,csp
p48507,csp
p49001,csp
p49003,csp
p49005,csp
p49007,csp
p49013,csp
p49015,csp
p49021,csp
p49023,csp
p49025,csp
p49027,csp
p49035,csp
p49037,csp
p49041,csp
p49043,csp
p49045,csp
p49047,csp
p49049,csp
p49053,csp
p49057,csp
p50001,csp
p50003,csp
p50005,csp
p50021,csp
p51001,csp
p51003,csp
p51007,csp
p51009,csp
p51011,csp
p51013,csp
p51015,csp
p51019,csp
p51023,csp
p51025,csp
p51027,csp
p51029,csp
p51031,csp
p51033,csp
p51035,csp
p51036,csp
p51037,csp
p51041,csp
p51043,csp
p51047,csp
p51049,csp
p51051,csp
p51053,csp
p51057,csp
p51059,csp
p51061,csp
p51063,csp
p51065,csp
p51067,csp
p51069,csp
p51071,csp
p51073,csp
p51075,csp
p51077,csp
p51081,csp
p51083,csp
p51085,csp
p51087,csp
p51089,csp
p51093,csp
p51095,csp
p51099,csp
p51101,csp
p51103,csp
p51107,csp
p51109,csp
p51111,csp
p51113,csp
p51117,csp
p51119,csp
p51121,csp
p51125,csp
p51127,csp
p51131,csp
p51133,csp
p51135,csp
p51137,csp
p51139,csp
p51141,csp
p51143,csp
p51145,csp
p51147,csp
p51149,csp
p51153,csp
p51155,csp
p51157,csp
p51159,csp
p51161,csp
p51163,csp
p51165,csp
p51167,csp
p51171,csp
p51173,csp
p51175,csp
p51177,csp
p51181,csp
p51183,csp
p51185,csp
p51187,csp
p51191,csp
p51193,csp
p51195,csp
p51197,csp
p51199,csp
p53001,csp
p53005,csp
p53011,csp
p53013,csp
p53015,csp
p53017,csp
p53021,csp
p53023,csp
p53025,csp
p53027,csp
p53033,csp
p53035,csp
p53037,csp
p53039,csp
p53041,csp
p53043,csp
p53045,csp
p53053,csp
p53057,csp
p53061,csp
p53063,csp
p53065,csp
p53067,csp
p53071,csp
p53073,csp
p53075,csp
p53077,csp
p54001,csp
p54003,csp
p54009,csp
p54017,csp
p54019,csp
p54023,csp
p54025,csp
p54027,csp
p54029,csp
p54031,csp
p54033,csp
p54037,csp
p54039,csp
p54049,csp
p54053,csp
p54057,csp
p54059,csp
p54061,csp
p54067,csp
p54071,csp
p54077,csp
p54083,csp
p54093,csp
p54101,csp
p55001,csp
p55005,csp
p55009,csp
p55011,csp
p55017,csp
p55019,csp
p55021,csp
p55025,csp
p55027,csp
p55031,csp
p55033,csp
p55039,csp
p55043,csp
p55045,csp
p55049,csp
p55053,csp
p55055,csp
p55057,csp
p55059,csp
p55063,csp
p55065,csp
p55071,csp
p55073,csp
p55075,csp
p55079,csp
p55083,csp
p55087,csp
p55093,csp
p55095,csp
p55097,csp
p55105,csp
p55109,csp
p55113,csp
p55115,csp
p55117,csp
p55121,csp
p55127,csp
p55135,csp
p55137,csp
p55139,csp
p55141,csp
p56001,csp
p56005,csp
p56007,csp
p56009,csp
p56013,csp
p56015,csp
p56021,csp
p56023,csp
p56025,csp
p56031,csp
p56037,csp
p56041,csp